CREATE TABLE DEPARTAMENTOS 
(
	DEPARTAMENTO_ID VARCHAR(7) PRIMARY KEY,
	NOMBRE_DEPARTAMENTO VARCHAR(100))
GO

CREATE TABLE PROVINCIAS 
(
	PROVINCIA_ID  VARCHAR(7)  PRIMARY KEY,
	NOMBRE_PROVINCIA VARCHAR(100),
   	DEPARTAMENTO_ID  VARCHAR(7)

)
GO
   
CREATE TABLE DISTRITOS (
	DISTRITO_ID VARCHAR(7) PRIMARY KEY,
	NOMBRE_DISTRITO VARCHAR(50),
   	PROVINCIA_ID VARCHAR(7)
)
 GO

--DEPARTAMENTOSS
Insert Into DEPARTAMENTOS Values ('010000','Amazonas')
Insert Into DEPARTAMENTOS Values ('020000','Ancash')
Insert Into DEPARTAMENTOS Values ('030000','Apurimac')
Insert Into DEPARTAMENTOS Values ('040000','Arequipa')
Insert Into DEPARTAMENTOS Values ('050000','Ayacucho')
Insert Into DEPARTAMENTOS Values ('060000','Cajamarca')
Insert Into DEPARTAMENTOS Values ('070000','Callao')
Insert Into DEPARTAMENTOS Values ('080000','Cusco')
Insert Into DEPARTAMENTOS Values ('090000','Huancavelica')
Insert Into DEPARTAMENTOS Values ('100000','Huanuco')
Insert Into DEPARTAMENTOS Values ('110000','Ica')
Insert Into DEPARTAMENTOS Values ('120000','Junin')
Insert Into DEPARTAMENTOS Values ('130000','La Libertad')
Insert Into DEPARTAMENTOS Values ('140000','Lambayeque')
Insert Into DEPARTAMENTOS Values ('150000','Lima')
Insert Into DEPARTAMENTOS Values ('160000','Loreto') 
Insert Into DEPARTAMENTOS Values ('170000','Madre De Dios') 
Insert Into DEPARTAMENTOS Values ('180000','Moquegua') 
Insert Into DEPARTAMENTOS Values ('190000','Pasco') 
Insert Into DEPARTAMENTOS Values ('200000','Piura') 
Insert Into DEPARTAMENTOS Values ('210000','Puno') 
Insert Into DEPARTAMENTOS Values ('220000','San Martin') 
Insert Into DEPARTAMENTOS Values ('230000','Tacna') 
Insert Into DEPARTAMENTOS Values ('240000','Tumbes') 
Insert Into DEPARTAMENTOS Values ('250000','Ucayali') 
--Insert Into DEPARTAMENTOS Values ('260000','No Registrado') 
GO

--PROVINCIASS
Insert Into PROVINCIAS Values ('010100','Chachapoyas','010000') 
Insert Into PROVINCIAS Values ('010200','Bagua','010000') 
Insert Into PROVINCIAS Values ('010300','Bongara','010000') 
Insert Into PROVINCIAS Values ('010400','Condorcanqui','010000') 
Insert Into PROVINCIAS Values ('010500','Luya','010000') 
Insert Into PROVINCIAS Values ('010600','Rodriguez De Mendoza','010000') 
Insert Into PROVINCIAS Values ('010700','Utcubamba','010000') 
Insert Into PROVINCIAS Values ('020100','Huaraz','020000') 
Insert Into PROVINCIAS Values ('020200','Aija','020000') 
Insert Into PROVINCIAS Values ('020300','Llamellin','020000') 
Insert Into PROVINCIAS Values ('020400','Chacas','020000') 
Insert Into PROVINCIAS Values ('020500','Chiquian','020000') 
Insert Into PROVINCIAS Values ('020600','Carhuaz','020000') 
Insert Into PROVINCIAS Values ('020700','San Luis','020000') 
Insert Into PROVINCIAS Values ('020800','Casma','020000') 
Insert Into PROVINCIAS Values ('020900','Corongo','020000') 
Insert Into PROVINCIAS Values ('021000','Huari','020000') 
Insert Into PROVINCIAS Values ('021100','Huarmey','020000') 
Insert Into PROVINCIAS Values ('021200','Caraz','020000') 
Insert Into PROVINCIAS Values ('021300','Piscobamba','020000') 
Insert Into PROVINCIAS Values ('021400','Ocros','020000') 
Insert Into PROVINCIAS Values ('021500','Cabana','020000') 
Insert Into PROVINCIAS Values ('021600','Pomabamba','020000') 
Insert Into PROVINCIAS Values ('021700','Recuay','020000') 
Insert Into PROVINCIAS Values ('021800','Chimbote','020000') 
Insert Into PROVINCIAS Values ('021900','Sihuas','020000') 
Insert Into PROVINCIAS Values ('022000','Yungay','020000') 
Insert Into PROVINCIAS Values ('030100','Abancay','030000') 
Insert Into PROVINCIAS Values ('030200','Andahuaylas','030000') 
Insert Into PROVINCIAS Values ('030300','Antabamba','030000') 
Insert Into PROVINCIAS Values ('030400','Aymaraes','030000') 
Insert Into PROVINCIAS Values ('030500','Cotabambas','030000') 
Insert Into PROVINCIAS Values ('030600','Chincheros','030000') 
Insert Into PROVINCIAS Values ('030700','Grau','030000') 
Insert Into PROVINCIAS Values ('040100','Arequipa','040000') 
Insert Into PROVINCIAS Values ('040200','Camana','040000') 
Insert Into PROVINCIAS Values ('040300','Caraveli','040000') 
Insert Into PROVINCIAS Values ('040400','Castilla','040000') 
Insert Into PROVINCIAS Values ('040500','Caylloma','040000') 
Insert Into PROVINCIAS Values ('040600','Condesuyos','040000') 
Insert Into PROVINCIAS Values ('040700','Islay','040000') 
Insert Into PROVINCIAS Values ('040800','La Union','040000') 
Insert Into PROVINCIAS Values ('050100','Huamanga','050000') 
Insert Into PROVINCIAS Values ('050200','Cangallo','050000') 
Insert Into PROVINCIAS Values ('050300','Huanca Sancos','050000') 
Insert Into PROVINCIAS Values ('050400','Huanta','050000') 
Insert Into PROVINCIAS Values ('050500','La Mar','050000') 
Insert Into PROVINCIAS Values ('050600','Lucanas','050000') 
Insert Into PROVINCIAS Values ('050700','Parinacochas','050000') 
Insert Into PROVINCIAS Values ('050800','Paucar Del Sara Sara','050000') 
Insert Into PROVINCIAS Values ('050900','Sucre','050000') 
Insert Into PROVINCIAS Values ('051000','Victor Fajardo','050000') 
Insert Into PROVINCIAS Values ('051100','Vilcas Huaman','050000') 
Insert Into PROVINCIAS Values ('060100','Cajamarca','060000') 
Insert Into PROVINCIAS Values ('060200','Cajabamba','060000') 
Insert Into PROVINCIAS Values ('060300','Celendin','060000') 
Insert Into PROVINCIAS Values ('060400','Chota','060000') 
Insert Into PROVINCIAS Values ('060500','Contumaza','060000') 
Insert Into PROVINCIAS Values ('060600','Cutervo','060000') 
Insert Into PROVINCIAS Values ('060700','Hualgayoc','060000') 
Insert Into PROVINCIAS Values ('060800','Jaen','060000') 
Insert Into PROVINCIAS Values ('060900','San Ignacio','060000') 
Insert Into PROVINCIAS Values ('061000','San Marcos','060000') 
Insert Into PROVINCIAS Values ('061100','San Miguel','060000') 
Insert Into PROVINCIAS Values ('061200','San Pablo','060000') 
Insert Into PROVINCIAS Values ('061300','Santa Cruz','060000') 
Insert Into PROVINCIAS Values ('070000','Callao','070000') 
Insert Into PROVINCIAS Values ('080100','Cusco','080000') 
Insert Into PROVINCIAS Values ('080200','Acomayo','080000') 
Insert Into PROVINCIAS Values ('080300','Anta','080000') 
Insert Into PROVINCIAS Values ('080400','Calca','080000') 
Insert Into PROVINCIAS Values ('080500','Canas','080000') 
Insert Into PROVINCIAS Values ('080600','Canchis','080000') 
Insert Into PROVINCIAS Values ('080700','Chumbivilcas','080000') 
Insert Into PROVINCIAS Values ('080800','Espinar','080000') 
Insert Into PROVINCIAS Values ('080900','La Convencion','080000') 
Insert Into PROVINCIAS Values ('081000','Paruro','080000') 
Insert Into PROVINCIAS Values ('081100','Paucartambo','080000') 
Insert Into PROVINCIAS Values ('081200','Quispicanchi','080000') 
Insert Into PROVINCIAS Values ('081300','Urubamba','080000') 
Insert Into PROVINCIAS Values ('090100','Huancavelica','090000') 
Insert Into PROVINCIAS Values ('090200','Acobamba','090000') 
Insert Into PROVINCIAS Values ('090300','Angaraes','090000') 
Insert Into PROVINCIAS Values ('090400','Castrovirreyna','090000') 
Insert Into PROVINCIAS Values ('090500','Churcampa','090000') 
Insert Into PROVINCIAS Values ('090600','Huaytara','090000') 
Insert Into PROVINCIAS Values ('090700','Tayacaja','090000') 
Insert Into PROVINCIAS Values ('100100','Huanuco','100000') 
Insert Into PROVINCIAS Values ('100200','Ambo','100000') 
Insert Into PROVINCIAS Values ('100300','Dos De Mayo','100000') 
Insert Into PROVINCIAS Values ('100400','Huacaybamba','100000') 
Insert Into PROVINCIAS Values ('100500','Huamalies','100000') 
Insert Into PROVINCIAS Values ('100600','Leoncio Prado','100000') 
Insert Into PROVINCIAS Values ('100700','Marañon','100000') 
Insert Into PROVINCIAS Values ('100800','Pachitea','100000') 
Insert Into PROVINCIAS Values ('100900','Puerto Inca','100000') 
Insert Into PROVINCIAS Values ('101000','Lauricocha','100000') 
Insert Into PROVINCIAS Values ('101100','Yarowilca','100000') 
Insert Into PROVINCIAS Values ('110100','Ica','110000') 
Insert Into PROVINCIAS Values ('110200','Chincha','110000') 
Insert Into PROVINCIAS Values ('110300','Nazca','110000') 
Insert Into PROVINCIAS Values ('110400','Palpa','110000') 
Insert Into PROVINCIAS Values ('110500','Pisco','110000') 
Insert Into PROVINCIAS Values ('120100','Huancayo','120000') 
Insert Into PROVINCIAS Values ('120200','Concepcion','120000') 
Insert Into PROVINCIAS Values ('120300','Chanchamayo','120000') 
Insert Into PROVINCIAS Values ('120400','Jauja','120000') 
Insert Into PROVINCIAS Values ('120500','Junin','120000') 
Insert Into PROVINCIAS Values ('120600','Satipo','120000') 
Insert Into PROVINCIAS Values ('120700','Tarma','120000') 
Insert Into PROVINCIAS Values ('120800','Yauli','120000') 
Insert Into PROVINCIAS Values ('120900','Chupaca','120000') 
Insert Into PROVINCIAS Values ('130100','Trujillo','130000') 
Insert Into PROVINCIAS Values ('130200','Ascope','130000') 
Insert Into PROVINCIAS Values ('130300','Bolivar','130000') 
Insert Into PROVINCIAS Values ('130400','Chepen','130000') 
Insert Into PROVINCIAS Values ('130500','Julcan','130000') 
Insert Into PROVINCIAS Values ('130600','Otuzco','130000') 
Insert Into PROVINCIAS Values ('130700','Pacasmayo','130000') 
Insert Into PROVINCIAS Values ('130800','Pataz','130000') 
Insert Into PROVINCIAS Values ('130900','Sanchez Carrion','130000') 
Insert Into PROVINCIAS Values ('131000','Santiago De Chuco','130000') 
Insert Into PROVINCIAS Values ('131100','Gran Chimu','130000') 
Insert Into PROVINCIAS Values ('131200','Viru','130000') 
Insert Into PROVINCIAS Values ('140100','Chiclayo','140000') 
Insert Into PROVINCIAS Values ('140200','Ferreñafe','140000') 
Insert Into PROVINCIAS Values ('140300','Lambayeque','140000') 
Insert Into PROVINCIAS Values ('150100','Lima','150000') 
Insert Into PROVINCIAS Values ('150200','Barranca','150000') 
Insert Into PROVINCIAS Values ('150300','Cajatambo','150000') 
Insert Into PROVINCIAS Values ('150400','Canta','150000') 
Insert Into PROVINCIAS Values ('150500','Cañete','150000') 
Insert Into PROVINCIAS Values ('150600','Huaral','150000') 
Insert Into PROVINCIAS Values ('150700','Huarochiri','150000') 
Insert Into PROVINCIAS Values ('150800','Huaura','150000') 
Insert Into PROVINCIAS Values ('150900','Oyon','150000') 
Insert Into PROVINCIAS Values ('151000','Yauyos','150000') 
Insert Into PROVINCIAS Values ('160100','Maynas','160000') 
Insert Into PROVINCIAS Values ('160200','Alto Amazonas','160000') 
Insert Into PROVINCIAS Values ('160300','Loreto','160000') 
Insert Into PROVINCIAS Values ('160400','Mariscal Ramon Castilla','160000') 
Insert Into PROVINCIAS Values ('160500','Requena','160000') 
Insert Into PROVINCIAS Values ('160600','Ucayali','160000') 
Insert Into PROVINCIAS Values ('170100','Tambopata','170000') 
Insert Into PROVINCIAS Values ('170200','Manu','170000') 
Insert Into PROVINCIAS Values ('170300','Tahuamanu','170000') 
Insert Into PROVINCIAS Values ('180100','Mariscal Nieto','180000') 
Insert Into PROVINCIAS Values ('180200','General Sanchez Cerro','180000') 
Insert Into PROVINCIAS Values ('180300','Ilo','180000') 
Insert Into PROVINCIAS Values ('190100','Pasco','190000') 
Insert Into PROVINCIAS Values ('190200','Daniel Alcides Carrion','190000') 
Insert Into PROVINCIAS Values ('190300','Oxapampa','190000') 
Insert Into PROVINCIAS Values ('200100','Piura','200000') 
Insert Into PROVINCIAS Values ('200200','Ayabaca','200000') 
Insert Into PROVINCIAS Values ('200300','Huancabamba','200000') 
Insert Into PROVINCIAS Values ('200400','Morropon','200000') 
Insert Into PROVINCIAS Values ('200500','Paita','200000') 
Insert Into PROVINCIAS Values ('200600','Sullana','200000') 
Insert Into PROVINCIAS Values ('200700','Talara','200000') 
Insert Into PROVINCIAS Values ('200800','Sechura','200000') 
Insert Into PROVINCIAS Values ('210100','Puno','210000') 
Insert Into PROVINCIAS Values ('210200','Azangaro','210000') 
Insert Into PROVINCIAS Values ('210300','Carabaya','210000') 
Insert Into PROVINCIAS Values ('210400','Chucuito','210000') 
Insert Into PROVINCIAS Values ('210500','El Collao','210000') 
Insert Into PROVINCIAS Values ('210600','Huancane','210000') 
Insert Into PROVINCIAS Values ('210700','Lampa','210000') 
Insert Into PROVINCIAS Values ('210800','Melgar','210000') 
Insert Into PROVINCIAS Values ('210900','Moho','210000') 
Insert Into PROVINCIAS Values ('211000','San Antonio De Putina','210000') 
Insert Into PROVINCIAS Values ('211100','San Roman','210000') 
Insert Into PROVINCIAS Values ('211200','Sandia','210000') 
Insert Into PROVINCIAS Values ('211300','Yunguyo','210000') 
Insert Into PROVINCIAS Values ('220100','Moyobamba','220000') 
Insert Into PROVINCIAS Values ('220200','Bellavista','220000') 
Insert Into PROVINCIAS Values ('220300','El Dorado','220000') 
Insert Into PROVINCIAS Values ('220400','Huallaga','220000') 
Insert Into PROVINCIAS Values ('220500','Lamas','220000') 
Insert Into PROVINCIAS Values ('220600','Mariscal Caceres','220000') 
Insert Into PROVINCIAS Values ('220700','Picota','220000') 
Insert Into PROVINCIAS Values ('220800','Rioja','220000') 
Insert Into PROVINCIAS Values ('220900','San Martin','220000') 
Insert Into PROVINCIAS Values ('221000','Tocache','220000') 
Insert Into PROVINCIAS Values ('230100','Tacna','230000') 
Insert Into PROVINCIAS Values ('230200','Candarave','230000') 
Insert Into PROVINCIAS Values ('230300','Jorge Basadre','230000') 
Insert Into PROVINCIAS Values ('230400','Tarata','230000') 
Insert Into PROVINCIAS Values ('240100','Tumbes','240000') 
Insert Into PROVINCIAS Values ('240200','Contralmirante Villar','240000') 
Insert Into PROVINCIAS Values ('240300','Zarumilla','240000') 
Insert Into PROVINCIAS Values ('250100','Coronel Portillo','250000') 
Insert Into PROVINCIAS Values ('250200','Atalaya','250000') 
Insert Into PROVINCIAS Values ('250300','Padre Abad','250000') 
Insert Into PROVINCIAS Values ('250400','Purus','250000') 
Insert Into PROVINCIAS Values ('250401','Purus','250000') 
GO

--DISTRITOSS
Insert Into DISTRITOS Values ('010101','Chachapoyas','010100') 
Insert Into DISTRITOS Values ('010102','Asuncion','010100') 
Insert Into DISTRITOS Values ('010103','Balsas','010100') 
Insert Into DISTRITOS Values ('010104','Cheto','010100') 
Insert Into DISTRITOS Values ('010105','Chiliquin','010100') 
Insert Into DISTRITOS Values ('010106','Chuquibamba','010100') 
Insert Into DISTRITOS Values ('010107','Granada','010100') 
Insert Into DISTRITOS Values ('010108','Huancas','010100') 
Insert Into DISTRITOS Values ('010109','La Jalca','010100') 
Insert Into DISTRITOS Values ('010110','Leimebamba','010100') 
Insert Into DISTRITOS Values ('010111','Levanto','010100') 
Insert Into DISTRITOS Values ('010112','Magdalena','010100') 
Insert Into DISTRITOS Values ('010113','Mariscal Castilla','010100') 
Insert Into DISTRITOS Values ('010114','Molinopampa','010100') 
Insert Into DISTRITOS Values ('010115','Montevideo','010100') 
Insert Into DISTRITOS Values ('010116','Olleros','010100') 
Insert Into DISTRITOS Values ('010117','Quinjalca','010100') 
Insert Into DISTRITOS Values ('010118','San Francisco De Daguas','010100') 
Insert Into DISTRITOS Values ('010119','San Isidro De Maino','010100') 
Insert Into DISTRITOS Values ('010120','Soloco','010100') 
Insert Into DISTRITOS Values ('010121','Sonche','010100') 
Insert Into DISTRITOS Values ('010201','La Peca','010200') 
Insert Into DISTRITOS Values ('010202','Aramango','010200') 
Insert Into DISTRITOS Values ('010203','Copallin','010200') 
Insert Into DISTRITOS Values ('010204','El Parco','010200') 
Insert Into DISTRITOS Values ('010205','Imaza','010200') 
Insert Into DISTRITOS Values ('010301','Jumbilla','010300') 
Insert Into DISTRITOS Values ('010302','Chisquilla','010300') 
Insert Into DISTRITOS Values ('010303','Churuja','010300') 
Insert Into DISTRITOS Values ('010304','Corosha','010300') 
Insert Into DISTRITOS Values ('010305','Cuispes','010300') 
Insert Into DISTRITOS Values ('010306','Florida','010300') 
Insert Into DISTRITOS Values ('010307','Jazan','010300') 
Insert Into DISTRITOS Values ('010308','Recta','010300') 
Insert Into DISTRITOS Values ('010309','San Carlos','010300') 
Insert Into DISTRITOS Values ('010310','Shipasbamba','010300') 
Insert Into DISTRITOS Values ('010311','Valera','010300') 
Insert Into DISTRITOS Values ('010312','Yambrasbamba','010300') 
Insert Into DISTRITOS Values ('010401','Nieva','010400') 
Insert Into DISTRITOS Values ('010402','El Cenepa','010400') 
Insert Into DISTRITOS Values ('010403','Rio Santiago','010400') 
Insert Into DISTRITOS Values ('010501','Lamud','010500') 
Insert Into DISTRITOS Values ('010502','Camporredondo','010500') 
Insert Into DISTRITOS Values ('010503','Cocabamba','010500') 
Insert Into DISTRITOS Values ('010504','Colcamar','010500') 
Insert Into DISTRITOS Values ('010505','Conila','010500') 
Insert Into DISTRITOS Values ('010506','Inguilpata','010500') 
Insert Into DISTRITOS Values ('010507','Longuita','010500') 
Insert Into DISTRITOS Values ('010508','Lonya Chico','010500') 
Insert Into DISTRITOS Values ('010509','Luya','010500') 
Insert Into DISTRITOS Values ('010510','Luya Viejo','010500') 
Insert Into DISTRITOS Values ('010511','Maria','010500') 
Insert Into DISTRITOS Values ('010512','Ocalli','010500') 
Insert Into DISTRITOS Values ('010513','Ocumal','010500') 
Insert Into DISTRITOS Values ('010514','Pisuquia','010500') 
Insert Into DISTRITOS Values ('010515','Providencia','010500') 
Insert Into DISTRITOS Values ('010516','San Cristobal','010500') 
Insert Into DISTRITOS Values ('010517','San Francisco Del Yeso','010500') 
Insert Into DISTRITOS Values ('010518','San Jeronimo','010500') 
Insert Into DISTRITOS Values ('010519','San Juan De Lopecancha','010500') 
Insert Into DISTRITOS Values ('010520','Santa Catalina','010500') 
Insert Into DISTRITOS Values ('010521','Santo Tomas','010500') 
Insert Into DISTRITOS Values ('010522','Tingo','010500') 
Insert Into DISTRITOS Values ('010523','Trita','010500') 
Insert Into DISTRITOS Values ('010601','San Nicolas','010600') 
Insert Into DISTRITOS Values ('010602','Chirimoto','010600') 
Insert Into DISTRITOS Values ('010603','Cochamal','010600') 
Insert Into DISTRITOS Values ('010604','Huambo','010600') 
Insert Into DISTRITOS Values ('010605','Limabamba','010600') 
Insert Into DISTRITOS Values ('010606','Longar','010600') 
Insert Into DISTRITOS Values ('010607','Mariscal Benavides','010600') 
Insert Into DISTRITOS Values ('010608','Milpuc','010600') 
Insert Into DISTRITOS Values ('010609','Omia','010600') 
Insert Into DISTRITOS Values ('010610','Santa Rosa','010600') 
Insert Into DISTRITOS Values ('010611','Totora','010600') 
Insert Into DISTRITOS Values ('010612','Vista Alegre','010600') 
Insert Into DISTRITOS Values ('010701','Bagua Grande','010700') 
Insert Into DISTRITOS Values ('010702','Cajaruro','010700') 
Insert Into DISTRITOS Values ('010703','Cumba','010700') 
Insert Into DISTRITOS Values ('010704','El Milagro','010700') 
Insert Into DISTRITOS Values ('010705','Jamalca','010700') 
Insert Into DISTRITOS Values ('010706','Lonya Grande','010700') 
Insert Into DISTRITOS Values ('010707','Yamon','010700') 
Insert Into DISTRITOS Values ('020101','Huaraz','020100') 
Insert Into DISTRITOS Values ('020102','Cochabamba','020100') 
Insert Into DISTRITOS Values ('020103','Colcabamba','020100') 
Insert Into DISTRITOS Values ('020104','Huanchay','020100') 
Insert Into DISTRITOS Values ('020105','Independencia','020100') 
Insert Into DISTRITOS Values ('020106','Jangas','020100') 
Insert Into DISTRITOS Values ('020107','La Libertad','020100') 
Insert Into DISTRITOS Values ('020108','Olleros','020100') 
Insert Into DISTRITOS Values ('020109','Pampas','020100') 
Insert Into DISTRITOS Values ('020110','Pariacoto','020100') 
Insert Into DISTRITOS Values ('020111','Pira','020100') 
Insert Into DISTRITOS Values ('020112','Tarica','020100') 
Insert Into DISTRITOS Values ('020201','Aija','020200') 
Insert Into DISTRITOS Values ('020202','Coris','020200') 
Insert Into DISTRITOS Values ('020203','Huacllan','020200') 
Insert Into DISTRITOS Values ('020204','La Merced','020200') 
Insert Into DISTRITOS Values ('020205','Succha','020200') 
Insert Into DISTRITOS Values ('020301','Llamellin','020300') 
Insert Into DISTRITOS Values ('020302','Aczo','020300') 
Insert Into DISTRITOS Values ('020303','Chaccho','020300') 
Insert Into DISTRITOS Values ('020304','Chingas','020300') 
Insert Into DISTRITOS Values ('020305','Mirgas','020300') 
Insert Into DISTRITOS Values ('020306','San Juan De Rontoy','020300') 
Insert Into DISTRITOS Values ('020401','Chacas','020400') 
Insert Into DISTRITOS Values ('020402','Acochaca','020400') 
Insert Into DISTRITOS Values ('020501','Chiquian','020500') 
Insert Into DISTRITOS Values ('020502','Abelardo Pardo Lezameta','020500') 
Insert Into DISTRITOS Values ('020503','Antonio Raymondi','020500') 
Insert Into DISTRITOS Values ('020504','Aquia','020500') 
Insert Into DISTRITOS Values ('020505','Cajacay','020500') 
Insert Into DISTRITOS Values ('020506','Canis','020500') 
Insert Into DISTRITOS Values ('020507','Colquioc','020500') 
Insert Into DISTRITOS Values ('020508','Huallanca','020500') 
Insert Into DISTRITOS Values ('020509','Huasta','020500') 
Insert Into DISTRITOS Values ('020510','Huayllacayan','020500') 
Insert Into DISTRITOS Values ('020511','La Primavera','020500') 
Insert Into DISTRITOS Values ('020512','Mangas','020500') 
Insert Into DISTRITOS Values ('020513','Pacllon','020500') 
Insert Into DISTRITOS Values ('020514','San Miguel De Corpanqui','020500') 
Insert Into DISTRITOS Values ('020515','Ticllos','020500') 
Insert Into DISTRITOS Values ('020601','Carhuaz','020600') 
Insert Into DISTRITOS Values ('020602','Acopampa','020600') 
Insert Into DISTRITOS Values ('020603','Amashca','020600') 
Insert Into DISTRITOS Values ('020604','Anta','020600') 
Insert Into DISTRITOS Values ('020605','Ataquero','020600') 
Insert Into DISTRITOS Values ('020606','Marcara','020600') 
Insert Into DISTRITOS Values ('020607','Pariahuanca','020600') 
Insert Into DISTRITOS Values ('020608','San Miguel De Aco','020600') 
Insert Into DISTRITOS Values ('020609','Shilla','020600') 
Insert Into DISTRITOS Values ('020610','Tinco','020600') 
Insert Into DISTRITOS Values ('020611','Yungar','020600') 
Insert Into DISTRITOS Values ('020701','San Luis','020700') 
Insert Into DISTRITOS Values ('020702','San Nicolas','020700') 
Insert Into DISTRITOS Values ('020703','Yauya','020700') 
Insert Into DISTRITOS Values ('020801','Casma','020800') 
Insert Into DISTRITOS Values ('020802','Buena Vista Alta','020800') 
Insert Into DISTRITOS Values ('020803','Comandante Noel','020800') 
Insert Into DISTRITOS Values ('020804','Yautan','020800') 
Insert Into DISTRITOS Values ('020901','Corongo','020900') 
Insert Into DISTRITOS Values ('020902','Aco','020900') 
Insert Into DISTRITOS Values ('020903','Bambas','020900') 
Insert Into DISTRITOS Values ('020904','Cusca','020900') 
Insert Into DISTRITOS Values ('020905','La Pampa','020900') 
Insert Into DISTRITOS Values ('020906','Yanac','020900') 
Insert Into DISTRITOS Values ('020907','Yupan','020900') 
Insert Into DISTRITOS Values ('021001','Huari','021000') 
Insert Into DISTRITOS Values ('021002','Anra','021000') 
Insert Into DISTRITOS Values ('021003','Cajay','021000') 
Insert Into DISTRITOS Values ('021004','Chavin De Huantar','021000') 
Insert Into DISTRITOS Values ('021005','Huacachi','021000') 
Insert Into DISTRITOS Values ('021006','Huacchis','021000') 
Insert Into DISTRITOS Values ('021007','Huachis','021000') 
Insert Into DISTRITOS Values ('021008','Huantar','021000') 
Insert Into DISTRITOS Values ('021009','Masin','021000') 
Insert Into DISTRITOS Values ('021010','Paucas','021000') 
Insert Into DISTRITOS Values ('021011','Ponto','021000') 
Insert Into DISTRITOS Values ('021012','Rahuapampa','021000') 
Insert Into DISTRITOS Values ('021013','Rapayan','021000') 
Insert Into DISTRITOS Values ('021014','San Marcos','021000') 
Insert Into DISTRITOS Values ('021015','San Pedro De Chana','021000') 
Insert Into DISTRITOS Values ('021016','Uco','021000') 
Insert Into DISTRITOS Values ('021101','Huarmey','021100') 
Insert Into DISTRITOS Values ('021102','Cochapeti','021100') 
Insert Into DISTRITOS Values ('021103','Culebras','021100') 
Insert Into DISTRITOS Values ('021104','Huayan','021100') 
Insert Into DISTRITOS Values ('021105','Malvas','021100') 
Insert Into DISTRITOS Values ('021201','Caraz','021200') 
Insert Into DISTRITOS Values ('021202','Huallanca','021200') 
Insert Into DISTRITOS Values ('021203','Huata','021200') 
Insert Into DISTRITOS Values ('021204','Huaylas','021200') 
Insert Into DISTRITOS Values ('021205','Mato','021200') 
Insert Into DISTRITOS Values ('021206','Pamparomas','021200') 
Insert Into DISTRITOS Values ('021207','Pueblo Libre','021200') 
Insert Into DISTRITOS Values ('021208','Santa Cruz','021200') 
Insert Into DISTRITOS Values ('021209','Santo Toribio','021200') 
Insert Into DISTRITOS Values ('021210','Yuracmarca','021200') 
Insert Into DISTRITOS Values ('021301','Piscobamba','021300') 
Insert Into DISTRITOS Values ('021302','Casca','021300') 
Insert Into DISTRITOS Values ('021303','Eleazar Guzman Barron','021300') 
Insert Into DISTRITOS Values ('021304','Fidel Olivas Escudero','021300') 
Insert Into DISTRITOS Values ('021305','Llama','021300') 
Insert Into DISTRITOS Values ('021306','Llumpa','021300') 
Insert Into DISTRITOS Values ('021307','Lucma','021300') 
Insert Into DISTRITOS Values ('021308','Musga','021300') 
Insert Into DISTRITOS Values ('021401','Ocros','021400') 
Insert Into DISTRITOS Values ('021402','Acas','021400') 
Insert Into DISTRITOS Values ('021403','Cajamarquilla','021400') 
Insert Into DISTRITOS Values ('021404','Carhuapampa','021400') 
Insert Into DISTRITOS Values ('021405','Cochas','021400') 
Insert Into DISTRITOS Values ('021406','Congas','021400') 
Insert Into DISTRITOS Values ('021407','Llipa','021400') 
Insert Into DISTRITOS Values ('021408','San Cristobal De Rajan','021400') 
Insert Into DISTRITOS Values ('021409','San Pedro','021400') 
Insert Into DISTRITOS Values ('021410','Santiago De Chilcas','021400') 
Insert Into DISTRITOS Values ('021501','Cabana','021500') 
Insert Into DISTRITOS Values ('021502','Bolognesi','021500') 
Insert Into DISTRITOS Values ('021503','Conchucos','021500') 
Insert Into DISTRITOS Values ('021504','Huacaschuque','021500') 
Insert Into DISTRITOS Values ('021505','Huandoval','021500') 
Insert Into DISTRITOS Values ('021506','Lacabamba','021500') 
Insert Into DISTRITOS Values ('021507','Llapo','021500') 
Insert Into DISTRITOS Values ('021508','Pallasca','021500') 
Insert Into DISTRITOS Values ('021509','Pampas','021500') 
Insert Into DISTRITOS Values ('021510','Santa Rosa','021500') 
Insert Into DISTRITOS Values ('021511','Tauca','021500') 
Insert Into DISTRITOS Values ('021601','Pomabamba','021600') 
Insert Into DISTRITOS Values ('021602','Huayllan','021600') 
Insert Into DISTRITOS Values ('021603','Parobamba','021600') 
Insert Into DISTRITOS Values ('021604','Quinuabamba','021600') 
Insert Into DISTRITOS Values ('021701','Recuay','021700') 
Insert Into DISTRITOS Values ('021702','Catac','021700') 
Insert Into DISTRITOS Values ('021703','Cotaparaco','021700') 
Insert Into DISTRITOS Values ('021704','Huayllapampa','021700') 
Insert Into DISTRITOS Values ('021705','Llacllin','021700') 
Insert Into DISTRITOS Values ('021706','Marca','021700') 
Insert Into DISTRITOS Values ('021707','Pampas Chico','021700') 
Insert Into DISTRITOS Values ('021708','Pararin','021700') 
Insert Into DISTRITOS Values ('021709','Tapacocha','021700') 
Insert Into DISTRITOS Values ('021710','Ticapampa','021700') 
Insert Into DISTRITOS Values ('021801','Chimbote','021800') 
Insert Into DISTRITOS Values ('021802','Caceres Del Peru','021800') 
Insert Into DISTRITOS Values ('021803','Coishco','021800') 
Insert Into DISTRITOS Values ('021804','Macate','021800') 
Insert Into DISTRITOS Values ('021805','Moro','021800') 
Insert Into DISTRITOS Values ('021806','Nepeña','021800') 
Insert Into DISTRITOS Values ('021807','Samanco','021800') 
Insert Into DISTRITOS Values ('021808','Santa','021800') 
Insert Into DISTRITOS Values ('021809','Nuevo Chimbote','021800') 
Insert Into DISTRITOS Values ('021901','Sihuas','021900') 
Insert Into DISTRITOS Values ('021902','Acobamba','021900') 
Insert Into DISTRITOS Values ('021903','Alfonso Ugarte','021900') 
Insert Into DISTRITOS Values ('021904','Cashapampa','021900') 
Insert Into DISTRITOS Values ('021905','Chingalpo','021900') 
Insert Into DISTRITOS Values ('021906','Huayllabamba','021900') 
Insert Into DISTRITOS Values ('021907','Quiches','021900') 
Insert Into DISTRITOS Values ('021908','Ragash','021900') 
Insert Into DISTRITOS Values ('021909','San Juan','021900') 
Insert Into DISTRITOS Values ('021910','Sicsibamba','021900') 
Insert Into DISTRITOS Values ('022001','Yungay','022000') 
Insert Into DISTRITOS Values ('022002','Cascapara','022000') 
Insert Into DISTRITOS Values ('022003','Mancos','022000') 
Insert Into DISTRITOS Values ('022004','Matacoto','022000') 
Insert Into DISTRITOS Values ('022005','Quillo','022000') 
Insert Into DISTRITOS Values ('022006','Ranrahirca','022000') 
Insert Into DISTRITOS Values ('022007','Shupluy','022000') 
Insert Into DISTRITOS Values ('022008','Yanama','022000') 
Insert Into DISTRITOS Values ('030101','Abancay','030100') 
Insert Into DISTRITOS Values ('030102','Chacoche','030100') 
Insert Into DISTRITOS Values ('030103','Circa','030100') 
Insert Into DISTRITOS Values ('030104','Curahuasi','030100') 
Insert Into DISTRITOS Values ('030105','Huanipaca','030100') 
Insert Into DISTRITOS Values ('030106','Lambrama','030100') 
Insert Into DISTRITOS Values ('030107','Pichirhua','030100') 
Insert Into DISTRITOS Values ('030108','San Pedro De Cachora','030100') 
Insert Into DISTRITOS Values ('030109','Tamburco','030100') 
Insert Into DISTRITOS Values ('030201','Andahuaylas','030200') 
Insert Into DISTRITOS Values ('030202','Andarapa','030200') 
Insert Into DISTRITOS Values ('030203','Chiara','030200') 
Insert Into DISTRITOS Values ('030204','Huancarama','030200') 
Insert Into DISTRITOS Values ('030205','Huancaray','030200') 
Insert Into DISTRITOS Values ('030206','Huayana','030200') 
Insert Into DISTRITOS Values ('030207','Kishuara','030200') 
Insert Into DISTRITOS Values ('030208','Pacobamba','030200') 
Insert Into DISTRITOS Values ('030209','Pacucha','030200') 
Insert Into DISTRITOS Values ('030210','Pampachiri','030200') 
Insert Into DISTRITOS Values ('030211','Pomacocha','030200') 
Insert Into DISTRITOS Values ('030212','San Antonio De Cachi','030200') 
Insert Into DISTRITOS Values ('030213','San Jeronimo','030200') 
Insert Into DISTRITOS Values ('030214','San Miguel De Chaccrampa','030200') 
Insert Into DISTRITOS Values ('030215','Santa Maria De Chicmo','030200') 
Insert Into DISTRITOS Values ('030216','Talavera','030200') 
Insert Into DISTRITOS Values ('030217','Tumay Huaraca','030200') 
Insert Into DISTRITOS Values ('030218','Turpo','030200') 
Insert Into DISTRITOS Values ('030219','Kaquiabamba','030200') 
Insert Into DISTRITOS Values ('030301','Antabamba','030300') 
Insert Into DISTRITOS Values ('030302','El Oro','030300') 
Insert Into DISTRITOS Values ('030303','Huaquirca','030300') 
Insert Into DISTRITOS Values ('030304','Juan Espinoza Medrano','030300') 
Insert Into DISTRITOS Values ('030305','Oropesa','030300') 
Insert Into DISTRITOS Values ('030306','Pachaconas','030300') 
Insert Into DISTRITOS Values ('030307','Sabaino','030300') 
Insert Into DISTRITOS Values ('030401','Chalhuanca','030400') 
Insert Into DISTRITOS Values ('030402','Capaya','030400') 
Insert Into DISTRITOS Values ('030403','Caraybamba','030400') 
Insert Into DISTRITOS Values ('030404','Chapimarca','030400') 
Insert Into DISTRITOS Values ('030405','Colcabamba','030400') 
Insert Into DISTRITOS Values ('030406','Cotaruse','030400') 
Insert Into DISTRITOS Values ('030407','Huayllo','030400') 
Insert Into DISTRITOS Values ('030408','Justo Apu Sahuaraura','030400') 
Insert Into DISTRITOS Values ('030409','Lucre','030400') 
Insert Into DISTRITOS Values ('030410','Pocohuanca','030400') 
Insert Into DISTRITOS Values ('030411','San Juan De Chacña','030400') 
Insert Into DISTRITOS Values ('030412','Sañayca','030400') 
Insert Into DISTRITOS Values ('030413','Soraya','030400') 
Insert Into DISTRITOS Values ('030414','Tapairihua','030400') 
Insert Into DISTRITOS Values ('030415','Tintay','030400') 
Insert Into DISTRITOS Values ('030416','Toraya','030400') 
Insert Into DISTRITOS Values ('030417','Yanaca','030400') 
Insert Into DISTRITOS Values ('030501','Tambobamba','030500') 
Insert Into DISTRITOS Values ('030502','Cotabambas','030500') 
Insert Into DISTRITOS Values ('030503','Coyllurqui','030500') 
Insert Into DISTRITOS Values ('030504','Haquira','030500') 
Insert Into DISTRITOS Values ('030505','Mara','030500') 
Insert Into DISTRITOS Values ('030506','Challhuahuacho','030500') 
Insert Into DISTRITOS Values ('030601','Chincheros','030600') 
Insert Into DISTRITOS Values ('030602','Anco-Huallo','030600') 
Insert Into DISTRITOS Values ('030603','Cocharcas','030600') 
Insert Into DISTRITOS Values ('030604','Huaccana','030600') 
Insert Into DISTRITOS Values ('030605','Ocobamba','030600') 
Insert Into DISTRITOS Values ('030606','Ongoy','030600') 
Insert Into DISTRITOS Values ('030607','Uranmarca','030600') 
Insert Into DISTRITOS Values ('030608','Ranracancha','030600') 
Insert Into DISTRITOS Values ('030701','Chuquibambilla','030700') 
Insert Into DISTRITOS Values ('030702','Curpahuasi','030700') 
Insert Into DISTRITOS Values ('030703','Gamarra','030700') 
Insert Into DISTRITOS Values ('030704','Huayllati','030700') 
Insert Into DISTRITOS Values ('030705','Mamara','030700') 
Insert Into DISTRITOS Values ('030706','Micaela Bastidas','030700') 
Insert Into DISTRITOS Values ('030707','Pataypampa','030700') 
Insert Into DISTRITOS Values ('030708','Progreso','030700') 
Insert Into DISTRITOS Values ('030709','San Antonio','030700') 
Insert Into DISTRITOS Values ('030710','Santa Rosa','030700') 
Insert Into DISTRITOS Values ('030711','Turpay','030700') 
Insert Into DISTRITOS Values ('030712','Vilcabamba','030700') 
Insert Into DISTRITOS Values ('030713','Virundo','030700') 
Insert Into DISTRITOS Values ('030714','Curasco','030700') 
Insert Into DISTRITOS Values ('040101','Arequipa','040100') 
Insert Into DISTRITOS Values ('040102','Alto Selva Alegre','040100') 
Insert Into DISTRITOS Values ('040103','Cayma','040100') 
Insert Into DISTRITOS Values ('040104','Cerro Colorado','040100') 
Insert Into DISTRITOS Values ('040105','Characato','040100') 
Insert Into DISTRITOS Values ('040106','Chiguata','040100') 
Insert Into DISTRITOS Values ('040107','Jacobo Hunter','040100') 
Insert Into DISTRITOS Values ('040108','La Joya','040100') 
Insert Into DISTRITOS Values ('040109','Mariano Melgar','040100') 
Insert Into DISTRITOS Values ('040110','Miraflores','040100') 
Insert Into DISTRITOS Values ('040111','Mollebaya','040100') 
Insert Into DISTRITOS Values ('040112','Paucarpata','040100') 
Insert Into DISTRITOS Values ('040113','Pocsi','040100') 
Insert Into DISTRITOS Values ('040114','Polobaya','040100') 
Insert Into DISTRITOS Values ('040115','Quequeña','040100') 
Insert Into DISTRITOS Values ('040116','Sabandia','040100') 
Insert Into DISTRITOS Values ('040117','Sachaca','040100') 
Insert Into DISTRITOS Values ('040118','San Juan De Siguas','040100') 
Insert Into DISTRITOS Values ('040119','San Juan De Tarucani','040100') 
Insert Into DISTRITOS Values ('040120','Santa Isabel De Siguas','040100') 
Insert Into DISTRITOS Values ('040121','Santa Rita De Siguas','040100') 
Insert Into DISTRITOS Values ('040122','Socabaya','040100') 
Insert Into DISTRITOS Values ('040123','Tiabaya','040100') 
Insert Into DISTRITOS Values ('040124','Uchumayo','040100') 
Insert Into DISTRITOS Values ('040125','Vitor   1/','040100') 
Insert Into DISTRITOS Values ('040126','Yanahuara','040100') 
Insert Into DISTRITOS Values ('040127','Yarabamba','040100') 
Insert Into DISTRITOS Values ('040128','Yura','040100') 
Insert Into DISTRITOS Values ('040129','Jose Luis Bustamante Y Rivero','040100') 
Insert Into DISTRITOS Values ('040201','Camana','040200') 
Insert Into DISTRITOS Values ('040202','Jose Maria Quimper','040200') 
Insert Into DISTRITOS Values ('040203','Mariano Nicolas Valcarcel','040200') 
Insert Into DISTRITOS Values ('040204','Mariscal Caceres','040200') 
Insert Into DISTRITOS Values ('040205','Nicolas De Pierola','040200') 
Insert Into DISTRITOS Values ('040206','Ocoña','040200') 
Insert Into DISTRITOS Values ('040207','Quilca','040200') 
Insert Into DISTRITOS Values ('040208','Samuel Pastor','040200') 
Insert Into DISTRITOS Values ('040301','Caraveli','040300') 
Insert Into DISTRITOS Values ('040302','Acari','040300') 
Insert Into DISTRITOS Values ('040303','Atico','040300') 
Insert Into DISTRITOS Values ('040304','Atiquipa','040300') 
Insert Into DISTRITOS Values ('040305','Bella Union','040300') 
Insert Into DISTRITOS Values ('040306','Cahuacho','040300') 
Insert Into DISTRITOS Values ('040307','Chala','040300') 
Insert Into DISTRITOS Values ('040308','Chaparra','040300') 
Insert Into DISTRITOS Values ('040309','Huanuhuanu','040300') 
Insert Into DISTRITOS Values ('040310','Jaqui','040300') 
Insert Into DISTRITOS Values ('040311','Lomas','040300') 
Insert Into DISTRITOS Values ('040312','Quicacha','040300') 
Insert Into DISTRITOS Values ('040313','Yauca','040300') 
Insert Into DISTRITOS Values ('040401','Aplao','040400') 
Insert Into DISTRITOS Values ('040402','Andagua','040400') 
Insert Into DISTRITOS Values ('040403','Ayo','040400') 
Insert Into DISTRITOS Values ('040404','Chachas','040400') 
Insert Into DISTRITOS Values ('040405','Chilcaymarca','040400') 
Insert Into DISTRITOS Values ('040406','Choco','040400') 
Insert Into DISTRITOS Values ('040407','Huancarqui','040400') 
Insert Into DISTRITOS Values ('040408','Machaguay','040400') 
Insert Into DISTRITOS Values ('040409','Orcopampa','040400') 
Insert Into DISTRITOS Values ('040410','Pampacolca','040400') 
Insert Into DISTRITOS Values ('040411','Tipan','040400') 
Insert Into DISTRITOS Values ('040412','Uñon','040400') 
Insert Into DISTRITOS Values ('040413','Uraca','040400') 
Insert Into DISTRITOS Values ('040414','Viraco','040400') 
Insert Into DISTRITOS Values ('040501','Chivay','040500') 
Insert Into DISTRITOS Values ('040502','Achoma','040500') 
Insert Into DISTRITOS Values ('040503','Cabanaconde','040500') 
Insert Into DISTRITOS Values ('040504','Callalli','040500') 
Insert Into DISTRITOS Values ('040505','Caylloma','040500') 
Insert Into DISTRITOS Values ('040506','Coporaque','040500') 
Insert Into DISTRITOS Values ('040507','Huambo','040500') 
Insert Into DISTRITOS Values ('040508','Huanca','040500') 
Insert Into DISTRITOS Values ('040509','Ichupampa','040500') 
Insert Into DISTRITOS Values ('040510','Lari','040500') 
Insert Into DISTRITOS Values ('040511','Lluta','040500') 
Insert Into DISTRITOS Values ('040512','Maca','040500') 
Insert Into DISTRITOS Values ('040513','Madrigal','040500') 
Insert Into DISTRITOS Values ('040514','San Antonio De Chuca','040500') 
Insert Into DISTRITOS Values ('040515','Sibayo','040500') 
Insert Into DISTRITOS Values ('040516','Tapay','040500') 
Insert Into DISTRITOS Values ('040517','Tisco','040500') 
Insert Into DISTRITOS Values ('040518','Tuti','040500') 
Insert Into DISTRITOS Values ('040519','Yanque','040500') 
Insert Into DISTRITOS Values ('040520','Majes','040500') 
Insert Into DISTRITOS Values ('040601','Chuquibamba','040600') 
Insert Into DISTRITOS Values ('040602','Andaray','040600') 
Insert Into DISTRITOS Values ('040603','Cayarani','040600') 
Insert Into DISTRITOS Values ('040604','Chichas','040600') 
Insert Into DISTRITOS Values ('040605','Iray','040600') 
Insert Into DISTRITOS Values ('040606','Rio Grande','040600') 
Insert Into DISTRITOS Values ('040607','Salamanca','040600') 
Insert Into DISTRITOS Values ('040608','Yanaquihua','040600') 
Insert Into DISTRITOS Values ('040701','Mollendo','040700') 
Insert Into DISTRITOS Values ('040702','Cocachacra','040700') 
Insert Into DISTRITOS Values ('040703','Dean Valdivia','040700') 
Insert Into DISTRITOS Values ('040704','Islay','040700') 
Insert Into DISTRITOS Values ('040705','Mejia','040700') 
Insert Into DISTRITOS Values ('040706','Punta De Bombon','040700') 
Insert Into DISTRITOS Values ('040801','Cotahuasi','040800') 
Insert Into DISTRITOS Values ('040802','Alca','040800') 
Insert Into DISTRITOS Values ('040803','Charcana','040800') 
Insert Into DISTRITOS Values ('040804','Huaynacotas','040800') 
Insert Into DISTRITOS Values ('040805','Pampamarca','040800') 
Insert Into DISTRITOS Values ('040806','Puyca','040800') 
Insert Into DISTRITOS Values ('040807','Quechualla','040800') 
Insert Into DISTRITOS Values ('040808','Sayla','040800') 
Insert Into DISTRITOS Values ('040809','Tauria','040800') 
Insert Into DISTRITOS Values ('040810','Tomepampa','040800') 
Insert Into DISTRITOS Values ('040811','Toro','040800') 
Insert Into DISTRITOS Values ('050101','Ayacucho','050100') 
Insert Into DISTRITOS Values ('050102','Acocro','050100') 
Insert Into DISTRITOS Values ('050103','Acos Vinchos','050100') 
Insert Into DISTRITOS Values ('050104','Carmen Alto','050100') 
Insert Into DISTRITOS Values ('050105','Chiara','050100') 
Insert Into DISTRITOS Values ('050106','Ocros','050100') 
Insert Into DISTRITOS Values ('050107','Pacaycasa','050100') 
Insert Into DISTRITOS Values ('050108','Quinua','050100') 
Insert Into DISTRITOS Values ('050109','San Jose De Ticllas','050100') 
Insert Into DISTRITOS Values ('050110','San Juan Bautista','050100') 
Insert Into DISTRITOS Values ('050111','Santiago De Pischa','050100') 
Insert Into DISTRITOS Values ('050112','Socos','050100') 
Insert Into DISTRITOS Values ('050113','Tambillo','050100') 
Insert Into DISTRITOS Values ('050114','Vinchos','050100') 
Insert Into DISTRITOS Values ('050115','Jesus Nazareno','050100') 
Insert Into DISTRITOS Values ('050201','Cangallo','050200') 
Insert Into DISTRITOS Values ('050202','Chuschi','050200') 
Insert Into DISTRITOS Values ('050203','Los Morochucos','050200') 
Insert Into DISTRITOS Values ('050204','Maria Parado De Bellido','050200') 
Insert Into DISTRITOS Values ('050205','Paras','050200') 
Insert Into DISTRITOS Values ('050206','Totos','050200') 
Insert Into DISTRITOS Values ('050301','Sancos','050300') 
Insert Into DISTRITOS Values ('050302','Carapo','050300') 
Insert Into DISTRITOS Values ('050303','Sacsamarca','050300') 
Insert Into DISTRITOS Values ('050304','Santiago De Lucanamarca','050300') 
Insert Into DISTRITOS Values ('050401','Huanta','050400') 
Insert Into DISTRITOS Values ('050402','Ayahuanco','050400') 
Insert Into DISTRITOS Values ('050403','Huamanguilla','050400') 
Insert Into DISTRITOS Values ('050404','Iguain','050400') 
Insert Into DISTRITOS Values ('050405','Luricocha','050400') 
Insert Into DISTRITOS Values ('050406','Santillana','050400') 
Insert Into DISTRITOS Values ('050407','Sivia','050400') 
Insert Into DISTRITOS Values ('050408','Llochegua','050400') 
Insert Into DISTRITOS Values ('050501','San Miguel 2','050500') 
Insert Into DISTRITOS Values ('050502','Anco','050500') 
Insert Into DISTRITOS Values ('050503','Ayna','050500') 
Insert Into DISTRITOS Values ('050504','Chilcas','050500') 
Insert Into DISTRITOS Values ('050505','Chungui','050500') 
Insert Into DISTRITOS Values ('050506','Luis Carranza','050500') 
Insert Into DISTRITOS Values ('050507','Santa Rosa','050500') 
Insert Into DISTRITOS Values ('050508','Tambo','050500') 
Insert Into DISTRITOS Values ('050601','Puquio','050600') 
Insert Into DISTRITOS Values ('050602','Aucara','050600') 
Insert Into DISTRITOS Values ('050603','Cabana','050600') 
Insert Into DISTRITOS Values ('050604','Carmen Salcedo','050600') 
Insert Into DISTRITOS Values ('050605','Chaviña','050600') 
Insert Into DISTRITOS Values ('050606','Chipao','050600') 
Insert Into DISTRITOS Values ('050607','Huac-Huas','050600') 
Insert Into DISTRITOS Values ('050608','Laramate','050600') 
Insert Into DISTRITOS Values ('050609','Leoncio Prado','050600') 
Insert Into DISTRITOS Values ('050610','Llauta','050600') 
Insert Into DISTRITOS Values ('050611','Lucanas','050600') 
Insert Into DISTRITOS Values ('050612','Ocaña','050600') 
Insert Into DISTRITOS Values ('050613','Otoca','050600') 
Insert Into DISTRITOS Values ('050614','Saisa','050600') 
Insert Into DISTRITOS Values ('050615','San Cristobal','050600') 
Insert Into DISTRITOS Values ('050616','San Juan','050600') 
Insert Into DISTRITOS Values ('050617','San Pedro','050600') 
Insert Into DISTRITOS Values ('050618','San Pedro De Palco','050600') 
Insert Into DISTRITOS Values ('050619','Sancos','050600') 
Insert Into DISTRITOS Values ('050620','Santa Ana De Huaycahuacho','050600') 
Insert Into DISTRITOS Values ('050621','Santa Lucia','050600') 
Insert Into DISTRITOS Values ('050701','Coracora','050700') 
Insert Into DISTRITOS Values ('050702','Chumpi','050700') 
Insert Into DISTRITOS Values ('050703','Coronel Castañeda','050700') 
Insert Into DISTRITOS Values ('050704','Pacapausa','050700') 
Insert Into DISTRITOS Values ('050705','Pullo','050700') 
Insert Into DISTRITOS Values ('050706','Puyusca','050700') 
Insert Into DISTRITOS Values ('050707','San Francisco De Ravacayco','050700') 
Insert Into DISTRITOS Values ('050708','Upahuacho','050700') 
Insert Into DISTRITOS Values ('050801','Pausa','050800') 
Insert Into DISTRITOS Values ('050802','Colta','050800') 
Insert Into DISTRITOS Values ('050803','Corculla','050800') 
Insert Into DISTRITOS Values ('050804','Lampa','050800') 
Insert Into DISTRITOS Values ('050805','Marcabamba','050800') 
Insert Into DISTRITOS Values ('050806','Oyolo','050800') 
Insert Into DISTRITOS Values ('050807','Pararca','050800') 
Insert Into DISTRITOS Values ('050808','San Javier De Alpabamba','050800') 
Insert Into DISTRITOS Values ('050809','San Jose De Ushua','050800') 
Insert Into DISTRITOS Values ('050810','Sara Sara','050800') 
Insert Into DISTRITOS Values ('050901','Querobamba','050900') 
Insert Into DISTRITOS Values ('050902','Belen','050900') 
Insert Into DISTRITOS Values ('050903','Chalcos','050900') 
Insert Into DISTRITOS Values ('050904','Chilcayoc','050900') 
Insert Into DISTRITOS Values ('050905','Huacaña','050900') 
Insert Into DISTRITOS Values ('050906','Morcolla','050900') 
Insert Into DISTRITOS Values ('050907','Paico','050900') 
Insert Into DISTRITOS Values ('050908','San Pedro De Larcay','050900') 
Insert Into DISTRITOS Values ('050909','San Salvador De Quije','050900') 
Insert Into DISTRITOS Values ('050910','Santiago De Paucaray','050900') 
Insert Into DISTRITOS Values ('050911','Soras','050900') 
Insert Into DISTRITOS Values ('051001','Huancapi','051000') 
Insert Into DISTRITOS Values ('051002','Alcamenca','051000') 
Insert Into DISTRITOS Values ('051003','Apongo','051000') 
Insert Into DISTRITOS Values ('051004','Asquipata','051000') 
Insert Into DISTRITOS Values ('051005','Canaria','051000') 
Insert Into DISTRITOS Values ('051006','Cayara','051000') 
Insert Into DISTRITOS Values ('051007','Colca','051000') 
Insert Into DISTRITOS Values ('051008','Huamanquiquia','051000') 
Insert Into DISTRITOS Values ('051009','Huancaraylla','051000') 
Insert Into DISTRITOS Values ('051010','Huaya','051000') 
Insert Into DISTRITOS Values ('051011','Sarhua','051000') 
Insert Into DISTRITOS Values ('051012','Vilcanchos','051000') 
Insert Into DISTRITOS Values ('051101','Vilcas Huaman','051100') 
Insert Into DISTRITOS Values ('051102','Accomarca','051100') 
Insert Into DISTRITOS Values ('051103','Carhuanca','051100') 
Insert Into DISTRITOS Values ('051104','Concepcion','051100') 
Insert Into DISTRITOS Values ('051105','Huambalpa','051100') 
Insert Into DISTRITOS Values ('051106','Independencia','051100') 
Insert Into DISTRITOS Values ('051107','Saurama','051100') 
Insert Into DISTRITOS Values ('051108','Vischongo','051100') 
Insert Into DISTRITOS Values ('060101','Cajamarca','060100') 
Insert Into DISTRITOS Values ('060102','Asuncion','060100') 
Insert Into DISTRITOS Values ('060103','Chetilla','060100') 
Insert Into DISTRITOS Values ('060104','Cospan','060100') 
Insert Into DISTRITOS Values ('060105','Encañada','060100') 
Insert Into DISTRITOS Values ('060106','Jesus','060100') 
Insert Into DISTRITOS Values ('060107','Llacanora','060100') 
Insert Into DISTRITOS Values ('060108','Los Baños Del Inca','060100') 
Insert Into DISTRITOS Values ('060109','Magdalena','060100') 
Insert Into DISTRITOS Values ('060110','Matara','060100') 
Insert Into DISTRITOS Values ('060111','Namora','060100') 
Insert Into DISTRITOS Values ('060112','San Juan','060100') 
Insert Into DISTRITOS Values ('060201','Cajabamba','060200') 
Insert Into DISTRITOS Values ('060202','Cachachi','060200') 
Insert Into DISTRITOS Values ('060203','Condebamba','060200') 
Insert Into DISTRITOS Values ('060204','Sitacocha','060200') 
Insert Into DISTRITOS Values ('060301','Celendin','060300') 
Insert Into DISTRITOS Values ('060302','Chumuch','060300') 
Insert Into DISTRITOS Values ('060303','Cortegana','060300') 
Insert Into DISTRITOS Values ('060304','Huasmin','060300') 
Insert Into DISTRITOS Values ('060305','Jorge Chavez','060300') 
Insert Into DISTRITOS Values ('060306','Jose Galvez','060300') 
Insert Into DISTRITOS Values ('060307','Miguel Iglesias','060300') 
Insert Into DISTRITOS Values ('060308','Oxamarca','060300') 
Insert Into DISTRITOS Values ('060309','Sorochuco','060300') 
Insert Into DISTRITOS Values ('060310','Sucre','060300') 
Insert Into DISTRITOS Values ('060311','Utco','060300') 
Insert Into DISTRITOS Values ('060312','La Libertad De Pallan','060300') 
Insert Into DISTRITOS Values ('060401','Chota','060400') 
Insert Into DISTRITOS Values ('060402','Anguia','060400') 
Insert Into DISTRITOS Values ('060403','Chadin','060400') 
Insert Into DISTRITOS Values ('060404','Chiguirip','060400') 
Insert Into DISTRITOS Values ('060405','Chimban','060400') 
Insert Into DISTRITOS Values ('060406','Choropampa','060400') 
Insert Into DISTRITOS Values ('060407','Cochabamba','060400') 
Insert Into DISTRITOS Values ('060408','Conchan','060400') 
Insert Into DISTRITOS Values ('060409','Huambos','060400') 
Insert Into DISTRITOS Values ('060410','Lajas','060400') 
Insert Into DISTRITOS Values ('060411','Llama','060400') 
Insert Into DISTRITOS Values ('060412','Miracosta','060400') 
Insert Into DISTRITOS Values ('060413','Paccha','060400') 
Insert Into DISTRITOS Values ('060414','Pion','060400') 
Insert Into DISTRITOS Values ('060415','Querocoto','060400') 
Insert Into DISTRITOS Values ('060416','San Juan De Licupis','060400') 
Insert Into DISTRITOS Values ('060417','Tacabamba','060400') 
Insert Into DISTRITOS Values ('060418','Tocmoche','060400') 
Insert Into DISTRITOS Values ('060419','Chalamarca','060400') 
Insert Into DISTRITOS Values ('060501','Contumaza','060500') 
Insert Into DISTRITOS Values ('060502','Chilete','060500') 
Insert Into DISTRITOS Values ('060503','Cupisnique','060500') 
Insert Into DISTRITOS Values ('060504','Guzmango','060500') 
Insert Into DISTRITOS Values ('060505','San Benito','060500') 
Insert Into DISTRITOS Values ('060506','Santa Cruz De Toled','060500') 
Insert Into DISTRITOS Values ('060507','Tantarica','060500') 
Insert Into DISTRITOS Values ('060508','Yonan','060500') 
Insert Into DISTRITOS Values ('060601','Cutervo','060600') 
Insert Into DISTRITOS Values ('060602','Callayuc','060600') 
Insert Into DISTRITOS Values ('060603','Choros','060600') 
Insert Into DISTRITOS Values ('060604','Cujillo','060600') 
Insert Into DISTRITOS Values ('060605','La Ramada','060600') 
Insert Into DISTRITOS Values ('060606','Pimpingos','060600') 
Insert Into DISTRITOS Values ('060607','Querocotillo','060600') 
Insert Into DISTRITOS Values ('060608','San Andres De Cutervo','060600') 
Insert Into DISTRITOS Values ('060609','San Juan De Cutervo','060600') 
Insert Into DISTRITOS Values ('060610','San Luis De Lucma','060600') 
Insert Into DISTRITOS Values ('060611','Santa Cruz','060600') 
Insert Into DISTRITOS Values ('060612','Santo Domingo De La Capilla','060600') 
Insert Into DISTRITOS Values ('060613','Santo Tomas','060600') 
Insert Into DISTRITOS Values ('060614','Socota','060600') 
Insert Into DISTRITOS Values ('060615','Toribio Casanova','060600') 
Insert Into DISTRITOS Values ('060701','Bambamarca','060700') 
Insert Into DISTRITOS Values ('060702','Chugur','060700') 
Insert Into DISTRITOS Values ('060703','Hualgayoc','060700') 
Insert Into DISTRITOS Values ('060801','Jaen','060800') 
Insert Into DISTRITOS Values ('060802','Bellavista 3','060800') 
Insert Into DISTRITOS Values ('060803','Chontali','060800') 
Insert Into DISTRITOS Values ('060804','Colasay','060800') 
Insert Into DISTRITOS Values ('060805','Huabal','060800') 
Insert Into DISTRITOS Values ('060806','Las Pirias','060800') 
Insert Into DISTRITOS Values ('060807','Pomahuaca','060800') 
Insert Into DISTRITOS Values ('060808','Pucara','060800') 
Insert Into DISTRITOS Values ('060809','Sallique','060800') 
Insert Into DISTRITOS Values ('060810','San Felipe','060800') 
Insert Into DISTRITOS Values ('060811','San Jose Del Alto','060800') 
Insert Into DISTRITOS Values ('060812','Santa Rosa','060800') 
Insert Into DISTRITOS Values ('060901','San Ignacio','060900') 
Insert Into DISTRITOS Values ('060902','Chirinos','060900') 
Insert Into DISTRITOS Values ('060903','Huarango','060900') 
Insert Into DISTRITOS Values ('060904','La Coipa','060900') 
Insert Into DISTRITOS Values ('060905','Namballe','060900') 
Insert Into DISTRITOS Values ('060906','San Jose De Lourdes','060900') 
Insert Into DISTRITOS Values ('060907','Tabaconas','060900') 
Insert Into DISTRITOS Values ('061001','Pedro Galvez','061000') 
Insert Into DISTRITOS Values ('061002','Chancay','061000') 
Insert Into DISTRITOS Values ('061003','Eduardo Villanueva','061000') 
Insert Into DISTRITOS Values ('061004','Gregorio Pita','061000') 
Insert Into DISTRITOS Values ('061005','Ichocan','061000') 
Insert Into DISTRITOS Values ('061006','Jose Manuel Quiroz','061000') 
Insert Into DISTRITOS Values ('061007','Jose Sabogal','061000') 
Insert Into DISTRITOS Values ('061101','San Miguel 1','061100') 
Insert Into DISTRITOS Values ('061102','Bolivar','061100') 
Insert Into DISTRITOS Values ('061103','Calquis','061100') 
Insert Into DISTRITOS Values ('061104','Catilluc','061100') 
Insert Into DISTRITOS Values ('061105','El Prado','061100') 
Insert Into DISTRITOS Values ('061106','La Florida','061100') 
Insert Into DISTRITOS Values ('061107','Llapa','061100') 
Insert Into DISTRITOS Values ('061108','Nanchoc','061100') 
Insert Into DISTRITOS Values ('061109','Niepos','061100') 
Insert Into DISTRITOS Values ('061110','San Gregorio','061100') 
Insert Into DISTRITOS Values ('061111','San Silvestre De Cochan','061100') 
Insert Into DISTRITOS Values ('061112','Tongod','061100') 
Insert Into DISTRITOS Values ('061113','Union Agua Blanca','061100') 
Insert Into DISTRITOS Values ('061201','San Pablo','061200') 
Insert Into DISTRITOS Values ('061202','San Bernardino','061200') 
Insert Into DISTRITOS Values ('061203','San Luis','061200') 
Insert Into DISTRITOS Values ('061204','Tumbaden','061200') 
Insert Into DISTRITOS Values ('061301','Santa Cruz','061300') 
Insert Into DISTRITOS Values ('061302','Andabamba','061300') 
Insert Into DISTRITOS Values ('061303','Catache','061300') 
Insert Into DISTRITOS Values ('061304','Chancaybaños','061300') 
Insert Into DISTRITOS Values ('061305','La Esperanza','061300') 
Insert Into DISTRITOS Values ('061306','Ninabamba','061300') 
Insert Into DISTRITOS Values ('061307','Pulan','061300') 
Insert Into DISTRITOS Values ('061308','Saucepampa','061300') 
Insert Into DISTRITOS Values ('061309','Sexi','061300') 
Insert Into DISTRITOS Values ('061310','Uticyacu','061300') 
Insert Into DISTRITOS Values ('061311','Yauyucan','061300') 
Insert Into DISTRITOS Values ('070101','Callao','070000') 
Insert Into DISTRITOS Values ('070102','Bellavista 4','070000') 
Insert Into DISTRITOS Values ('070103','Carmen De La Legua Reynoso','070000') 
Insert Into DISTRITOS Values ('070104','La Perla','070000') 
Insert Into DISTRITOS Values ('070105','La Punta','070000') 
Insert Into DISTRITOS Values ('070106','Ventanilla','070000') 
Insert Into DISTRITOS Values ('080101','Cusco','080100') 
Insert Into DISTRITOS Values ('080102','Ccorca','080100') 
Insert Into DISTRITOS Values ('080103','Poroy','080100') 
Insert Into DISTRITOS Values ('080104','San Jeronimo','080100') 
Insert Into DISTRITOS Values ('080105','San Sebastian','080100') 
Insert Into DISTRITOS Values ('080106','Santiago','080100') 
Insert Into DISTRITOS Values ('080107','Saylla','080100') 
Insert Into DISTRITOS Values ('080108','Wanchaq','080100') 
Insert Into DISTRITOS Values ('080201','Acomayo','080200') 
Insert Into DISTRITOS Values ('080202','Acopia','080200') 
Insert Into DISTRITOS Values ('080203','Acos','080200') 
Insert Into DISTRITOS Values ('080204','Mosoc Llacta','080200') 
Insert Into DISTRITOS Values ('080205','Pomacanchi','080200') 
Insert Into DISTRITOS Values ('080206','Rondocan','080200') 
Insert Into DISTRITOS Values ('080207','Sangarara','080200') 
Insert Into DISTRITOS Values ('080301','Anta','080300') 
Insert Into DISTRITOS Values ('080302','Ancahuasi','080300') 
Insert Into DISTRITOS Values ('080303','Cachimayo','080300') 
Insert Into DISTRITOS Values ('080304','Chinchaypujio','080300') 
Insert Into DISTRITOS Values ('080305','Huarocondo','080300') 
Insert Into DISTRITOS Values ('080306','Limatambo','080300') 
Insert Into DISTRITOS Values ('080307','Mollepata','080300') 
Insert Into DISTRITOS Values ('080308','Pucyura','080300') 
Insert Into DISTRITOS Values ('080309','Zurite','080300') 
Insert Into DISTRITOS Values ('080401','Calca','080400') 
Insert Into DISTRITOS Values ('080402','Coya','080400') 
Insert Into DISTRITOS Values ('080403','Lamay','080400') 
Insert Into DISTRITOS Values ('080404','Lares','080400') 
Insert Into DISTRITOS Values ('080405','Pisac','080400') 
Insert Into DISTRITOS Values ('080406','San Salvador','080400') 
Insert Into DISTRITOS Values ('080407','Taray','080400') 
Insert Into DISTRITOS Values ('080408','Yanatile','080400') 
Insert Into DISTRITOS Values ('080501','Yanaoca','080500') 
Insert Into DISTRITOS Values ('080502','Checca','080500') 
Insert Into DISTRITOS Values ('080503','Kunturkanki','080500') 
Insert Into DISTRITOS Values ('080504','Langui','080500') 
Insert Into DISTRITOS Values ('080505','Layo','080500') 
Insert Into DISTRITOS Values ('080506','Pampamarca','080500') 
Insert Into DISTRITOS Values ('080507','Quehue','080500') 
Insert Into DISTRITOS Values ('080508','Tupac Amaru','080500') 
Insert Into DISTRITOS Values ('080601','Sicuani','080600') 
Insert Into DISTRITOS Values ('080602','Checacupe','080600') 
Insert Into DISTRITOS Values ('080603','Combapata','080600') 
Insert Into DISTRITOS Values ('080604','Marangani','080600') 
Insert Into DISTRITOS Values ('080605','Pitumarca','080600') 
Insert Into DISTRITOS Values ('080606','San Pablo','080600') 
Insert Into DISTRITOS Values ('080607','San Pedro','080600') 
Insert Into DISTRITOS Values ('080608','Tinta','080600') 
Insert Into DISTRITOS Values ('080701','Santo Tomas','080700') 
Insert Into DISTRITOS Values ('080702','Capacmarca','080700') 
Insert Into DISTRITOS Values ('080703','Chamaca','080700') 
Insert Into DISTRITOS Values ('080704','Colquemarca','080700') 
Insert Into DISTRITOS Values ('080705','Livitaca','080700') 
Insert Into DISTRITOS Values ('080706','Llusco','080700') 
Insert Into DISTRITOS Values ('080707','Quiñota','080700') 
Insert Into DISTRITOS Values ('080708','Velille','080700') 
Insert Into DISTRITOS Values ('080801','Espinar','080800') 
Insert Into DISTRITOS Values ('080802','Condoroma','080800') 
Insert Into DISTRITOS Values ('080803','Coporaque','080800') 
Insert Into DISTRITOS Values ('080804','Ocoruro','080800') 
Insert Into DISTRITOS Values ('080805','Pallpata','080800') 
Insert Into DISTRITOS Values ('080806','Pichigua','080800') 
Insert Into DISTRITOS Values ('080807','Suyckutambo','080800') 
Insert Into DISTRITOS Values ('080808','Alto Pichigua','080800') 
Insert Into DISTRITOS Values ('080901','Santa Ana','080900') 
Insert Into DISTRITOS Values ('080902','Echarate','080900') 
Insert Into DISTRITOS Values ('080903','Huayopata','080900') 
Insert Into DISTRITOS Values ('080904','Maranura','080900') 
Insert Into DISTRITOS Values ('080905','Ocobamba ','080900') 
Insert Into DISTRITOS Values ('080906','Quellouno','080900') 
Insert Into DISTRITOS Values ('080907','Quimbiri','080900') 
Insert Into DISTRITOS Values ('080908','Santa Teresa','080900') 
Insert Into DISTRITOS Values ('080909','Vilcabamba','080900') 
Insert Into DISTRITOS Values ('080910','Pichari','080900') 
Insert Into DISTRITOS Values ('081001','Paruro','081000') 
Insert Into DISTRITOS Values ('081002','Accha','081000') 
Insert Into DISTRITOS Values ('081003','Ccapi','081000') 
Insert Into DISTRITOS Values ('081004','Colcha','081000') 
Insert Into DISTRITOS Values ('081005','Huanoquite','081000') 
Insert Into DISTRITOS Values ('081006','Omacha','081000') 
Insert Into DISTRITOS Values ('081007','Paccaritambo','081000') 
Insert Into DISTRITOS Values ('081008','Pillpinto','081000') 
Insert Into DISTRITOS Values ('081009','Yaurisque','081000') 
Insert Into DISTRITOS Values ('081101','Paucartambo','081100') 
Insert Into DISTRITOS Values ('081102','Caicay','081100') 
Insert Into DISTRITOS Values ('081103','Challabamba','081100') 
Insert Into DISTRITOS Values ('081104','Colquepata','081100') 
Insert Into DISTRITOS Values ('081105','Huancarani','081100') 
Insert Into DISTRITOS Values ('081106','Kosñipata','081100') 
Insert Into DISTRITOS Values ('081201','Urcos','081200') 
Insert Into DISTRITOS Values ('081202','Andahuaylillas','081200') 
Insert Into DISTRITOS Values ('081203','Camanti','081200') 
Insert Into DISTRITOS Values ('081204','Ccarhuayo','081200') 
Insert Into DISTRITOS Values ('081205','Ccatca','081200') 
Insert Into DISTRITOS Values ('081206','Cusipata','081200') 
Insert Into DISTRITOS Values ('081207','Huaro','081200') 
Insert Into DISTRITOS Values ('081208','Lucre','081200') 
Insert Into DISTRITOS Values ('081209','Marcapata','081200') 
Insert Into DISTRITOS Values ('081210','Ocongate','081200') 
Insert Into DISTRITOS Values ('081211','Oropesa','081200') 
Insert Into DISTRITOS Values ('081212','Quiquijana','081200') 
Insert Into DISTRITOS Values ('081301','Urubamba','081300') 
Insert Into DISTRITOS Values ('081302','Chinchero','081300') 
Insert Into DISTRITOS Values ('081303','Huayllabamba','081300') 
Insert Into DISTRITOS Values ('081304','Machupicchu','081300') 
Insert Into DISTRITOS Values ('081305','Maras','081300') 
Insert Into DISTRITOS Values ('081306','Ollantaytambo','081300') 
Insert Into DISTRITOS Values ('081307','Yucay','081300') 
Insert Into DISTRITOS Values ('090101','Huancavelica','090100') 
Insert Into DISTRITOS Values ('090102','Acobambilla','090100') 
Insert Into DISTRITOS Values ('090103','Acoria','090100') 
Insert Into DISTRITOS Values ('090104','Conayca','090100') 
Insert Into DISTRITOS Values ('090105','Cuenca','090100') 
Insert Into DISTRITOS Values ('090106','Huachocolpa','090100') 
Insert Into DISTRITOS Values ('090107','Huayllahuara','090100') 
Insert Into DISTRITOS Values ('090108','Izcuchaca','090100') 
Insert Into DISTRITOS Values ('090109','Laria','090100') 
Insert Into DISTRITOS Values ('090110','Manta','090100') 
Insert Into DISTRITOS Values ('090111','Mariscal Caceres','090100') 
Insert Into DISTRITOS Values ('090112','Moya','090100') 
Insert Into DISTRITOS Values ('090113','Nuevo Occoro','090100') 
Insert Into DISTRITOS Values ('090114','Palca','090100') 
Insert Into DISTRITOS Values ('090115','Pilchaca','090100') 
Insert Into DISTRITOS Values ('090116','Vilca','090100') 
Insert Into DISTRITOS Values ('090117','Yauli','090100') 
Insert Into DISTRITOS Values ('090118','Ascension','090100') 
Insert Into DISTRITOS Values ('090119','Huando','090100') 
Insert Into DISTRITOS Values ('090201','Acobamba','090200') 
Insert Into DISTRITOS Values ('090202','Andabamba','090200') 
Insert Into DISTRITOS Values ('090203','Anta','090200') 
Insert Into DISTRITOS Values ('090204','Caja','090200') 
Insert Into DISTRITOS Values ('090205','Marcas','090200') 
Insert Into DISTRITOS Values ('090206','Paucara','090200') 
Insert Into DISTRITOS Values ('090207','Pomacocha','090200') 
Insert Into DISTRITOS Values ('090208','Rosario','090200') 
Insert Into DISTRITOS Values ('090301','Lircay','090300') 
Insert Into DISTRITOS Values ('090302','Anchonga','090300') 
Insert Into DISTRITOS Values ('090303','Callanmarca','090300') 
Insert Into DISTRITOS Values ('090304','Ccochaccasa','090300') 
Insert Into DISTRITOS Values ('090305','Chincho','090300') 
Insert Into DISTRITOS Values ('090306','Congalla','090300') 
Insert Into DISTRITOS Values ('090307','Huanca-Huanca','090300') 
Insert Into DISTRITOS Values ('090308','Huayllay Grande','090300') 
Insert Into DISTRITOS Values ('090309','Julcamarca','090300') 
Insert Into DISTRITOS Values ('090310','San Antonio De Antaparco','090300') 
Insert Into DISTRITOS Values ('090311','Santo Tomas De Pata','090300') 
Insert Into DISTRITOS Values ('090312','Secclla','090300') 
Insert Into DISTRITOS Values ('090401','Castrovirreyna','090400') 
Insert Into DISTRITOS Values ('090402','Arma','090400') 
Insert Into DISTRITOS Values ('090403','Aurahua','090400') 
Insert Into DISTRITOS Values ('090404','Capillas','090400') 
Insert Into DISTRITOS Values ('090405','Chupamarca','090400') 
Insert Into DISTRITOS Values ('090406','Cocas','090400') 
Insert Into DISTRITOS Values ('090407','Huachos','090400') 
Insert Into DISTRITOS Values ('090408','Huamatambo','090400') 
Insert Into DISTRITOS Values ('090409','Mollepampa','090400') 
Insert Into DISTRITOS Values ('090410','San Juan','090400') 
Insert Into DISTRITOS Values ('090411','Santa Ana','090400') 
Insert Into DISTRITOS Values ('090412','Tantara','090400') 
Insert Into DISTRITOS Values ('090413','Ticrapo','090400') 
Insert Into DISTRITOS Values ('090501','Churcampa','090500') 
Insert Into DISTRITOS Values ('090502','Anco','090500') 
Insert Into DISTRITOS Values ('090503','Chinchihuasi','090500') 
Insert Into DISTRITOS Values ('090504','El Carmen','090500') 
Insert Into DISTRITOS Values ('090505','La Merced','090500') 
Insert Into DISTRITOS Values ('090506','Locroja','090500') 
Insert Into DISTRITOS Values ('090507','Paucarbamba','090500') 
Insert Into DISTRITOS Values ('090508','San Miguel De Mayocc','090500') 
Insert Into DISTRITOS Values ('090509','San Pedro De Coris','090500') 
Insert Into DISTRITOS Values ('090510','Pachamarca ','090500') 
Insert Into DISTRITOS Values ('090601','Huaytara','090600') 
Insert Into DISTRITOS Values ('090602','Ayavi','090600') 
Insert Into DISTRITOS Values ('090603','Cordova','090600') 
Insert Into DISTRITOS Values ('090604','Huayacundo Arma','090600') 
Insert Into DISTRITOS Values ('090605','Laramarca','090600') 
Insert Into DISTRITOS Values ('090606','Ocoyo','090600') 
Insert Into DISTRITOS Values ('090607','Pilpichaca','090600') 
Insert Into DISTRITOS Values ('090608','Querco','090600') 
Insert Into DISTRITOS Values ('090609','Quito-Arma','090600') 
Insert Into DISTRITOS Values ('090610','San Antonio De Cusicancha','090600') 
Insert Into DISTRITOS Values ('090611','San Francisco De Sangayaico','090600') 
Insert Into DISTRITOS Values ('090612','San Isidro','090600') 
Insert Into DISTRITOS Values ('090613','Santiago De Chocorvos','090600') 
Insert Into DISTRITOS Values ('090614','Santiago De Quirahuara','090600') 
Insert Into DISTRITOS Values ('090615','Santo Domingo De Capillas','090600') 
Insert Into DISTRITOS Values ('090616','Tambo','090600') 
Insert Into DISTRITOS Values ('090701','Pampas','090700') 
Insert Into DISTRITOS Values ('090702','Acostambo','090700') 
Insert Into DISTRITOS Values ('090703','Acraquia','090700') 
Insert Into DISTRITOS Values ('090704','Ahuaycha','090700') 
Insert Into DISTRITOS Values ('090705','Colcabamba','090700') 
Insert Into DISTRITOS Values ('090706','Daniel Hernandez','090700') 
Insert Into DISTRITOS Values ('090707','Huachocolpa','090700') 
Insert Into DISTRITOS Values ('090709','Huaribamba','090700') 
Insert Into DISTRITOS Values ('090710','Ñahuimpuquio','090700') 
Insert Into DISTRITOS Values ('090711','Pazos','090700') 
Insert Into DISTRITOS Values ('090713','Quishuar','090700') 
Insert Into DISTRITOS Values ('090714','Salcabamba','090700') 
Insert Into DISTRITOS Values ('090715','Salcahuasi','090700') 
Insert Into DISTRITOS Values ('090716','San Marcos De Rocchac','090700') 
Insert Into DISTRITOS Values ('090717','Surcubamba','090700') 
Insert Into DISTRITOS Values ('090718','Tintay Puncu','090700') 
Insert Into DISTRITOS Values ('100101','Huanuco','100100') 
Insert Into DISTRITOS Values ('100102','Amarilis','100100') 
Insert Into DISTRITOS Values ('100103','Chinchao','100100') 
Insert Into DISTRITOS Values ('100104','Churubamba','100100') 
Insert Into DISTRITOS Values ('100105','Margos','100100') 
Insert Into DISTRITOS Values ('100106','Quisqui','100100') 
Insert Into DISTRITOS Values ('100107','San Francisco De Cayran','100100') 
Insert Into DISTRITOS Values ('100108','San Pedro De Chaulan','100100') 
Insert Into DISTRITOS Values ('100109','Santa Maria Del Valle','100100') 
Insert Into DISTRITOS Values ('100110','Yarumayo','100100') 
Insert Into DISTRITOS Values ('100111','Pillco Marca','100100') 
Insert Into DISTRITOS Values ('100201','Ambo','100200') 
Insert Into DISTRITOS Values ('100202','Cayna','100200') 
Insert Into DISTRITOS Values ('100203','Colpas','100200') 
Insert Into DISTRITOS Values ('100204','Conchamarca','100200') 
Insert Into DISTRITOS Values ('100205','Huacar','100200') 
Insert Into DISTRITOS Values ('100206','San Francisco','100200') 
Insert Into DISTRITOS Values ('100207','San Rafael','100200') 
Insert Into DISTRITOS Values ('100208','Tomay Kichwa','100200') 
Insert Into DISTRITOS Values ('100301','La Union','100300') 
Insert Into DISTRITOS Values ('100307','Chuquis','100300') 
Insert Into DISTRITOS Values ('100311','Marias','100300') 
Insert Into DISTRITOS Values ('100313','Pachas','100300') 
Insert Into DISTRITOS Values ('100316','Quivilla','100300') 
Insert Into DISTRITOS Values ('100317','Ripan','100300') 
Insert Into DISTRITOS Values ('100321','Shunqui','100300') 
Insert Into DISTRITOS Values ('100322','Sillapata','100300') 
Insert Into DISTRITOS Values ('100323','Yanas','100300') 
Insert Into DISTRITOS Values ('100401','Huacaybamba','100400') 
Insert Into DISTRITOS Values ('100402','Canchabamba','100400') 
Insert Into DISTRITOS Values ('100403','Cochabamba','100400') 
Insert Into DISTRITOS Values ('100404','Pinra','100400') 
Insert Into DISTRITOS Values ('100501','Llata','100500') 
Insert Into DISTRITOS Values ('100502','Arancay','100500') 
Insert Into DISTRITOS Values ('100503','Chavin De Pariarca','100500') 
Insert Into DISTRITOS Values ('100504','Jacas Grande','100500') 
Insert Into DISTRITOS Values ('100505','Jircan','100500') 
Insert Into DISTRITOS Values ('100506','Miraflores','100500') 
Insert Into DISTRITOS Values ('100507','Monzon','100500') 
Insert Into DISTRITOS Values ('100508','Punchao','100500') 
Insert Into DISTRITOS Values ('100509','Puños','100500') 
Insert Into DISTRITOS Values ('100510','Singa','100500') 
Insert Into DISTRITOS Values ('100511','Tantamayo','100500') 
Insert Into DISTRITOS Values ('100601','Rupa-Rupa','100600') 
Insert Into DISTRITOS Values ('100602','Daniel Alomia Robles','100600') 
Insert Into DISTRITOS Values ('100603','Hermilio Valdizan','100600') 
Insert Into DISTRITOS Values ('100604','Jose Crespo Y Castillo','100600') 
Insert Into DISTRITOS Values ('100605','Luyando 1/','100600') 
Insert Into DISTRITOS Values ('100606','Mariano Damaso Beraun','100600') 
Insert Into DISTRITOS Values ('100701','Huacrachuco','100700') 
Insert Into DISTRITOS Values ('100702','Cholon','100700') 
Insert Into DISTRITOS Values ('100703','San Buenaventura','100700') 
Insert Into DISTRITOS Values ('100801','Panao','100800') 
Insert Into DISTRITOS Values ('100802','Chaglla','100800') 
Insert Into DISTRITOS Values ('100803','Molino','100800') 
Insert Into DISTRITOS Values ('100804','Umari  2/','100800') 
Insert Into DISTRITOS Values ('100901','Puerto Inca','100900') 
Insert Into DISTRITOS Values ('100902','Codo Del Pozuzo','100900') 
Insert Into DISTRITOS Values ('100903','Honoria','100900') 
Insert Into DISTRITOS Values ('100904','Tournavista','100900') 
Insert Into DISTRITOS Values ('100905','Yuyapichis','100900') 
Insert Into DISTRITOS Values ('101001','Jesus','101000') 
Insert Into DISTRITOS Values ('101002','Baños','101000') 
Insert Into DISTRITOS Values ('101003','Jivia','101000') 
Insert Into DISTRITOS Values ('101004','Queropalca','101000') 
Insert Into DISTRITOS Values ('101005','Rondos','101000') 
Insert Into DISTRITOS Values ('101006','San Francisco De Asis','101000') 
Insert Into DISTRITOS Values ('101007','San Miguel De Cauri','101000') 
Insert Into DISTRITOS Values ('101101','Chavinillo','101100') 
Insert Into DISTRITOS Values ('101102','Cahuac','101100') 
Insert Into DISTRITOS Values ('101103','Chacabamba','101100') 
Insert Into DISTRITOS Values ('101104','Aparicio Pomares','101100') 
Insert Into DISTRITOS Values ('101105','Jacas Chico','101100') 
Insert Into DISTRITOS Values ('101106','Obas','101100') 
Insert Into DISTRITOS Values ('101107','Pampamarca','101100') 
Insert Into DISTRITOS Values ('101108','Choras','101100') 
Insert Into DISTRITOS Values ('110101','Ica','110100') 
Insert Into DISTRITOS Values ('110102','La Tinguiña','110100') 
Insert Into DISTRITOS Values ('110103','Los Aquijes','110100') 
Insert Into DISTRITOS Values ('110104','Ocucaje','110100') 
Insert Into DISTRITOS Values ('110105','Pachacutec','110100') 
Insert Into DISTRITOS Values ('110106','Parcona','110100') 
Insert Into DISTRITOS Values ('110107','Pueblo Nuevo','110100') 
Insert Into DISTRITOS Values ('110108','Salas','110100') 
Insert Into DISTRITOS Values ('110109','San Jose De Los Molinos','110100') 
Insert Into DISTRITOS Values ('110110','San Juan Bautista','110100') 
Insert Into DISTRITOS Values ('110111','Santiago','110100') 
Insert Into DISTRITOS Values ('110112','Subtanjalla','110100') 
Insert Into DISTRITOS Values ('110113','Tate','110100') 
Insert Into DISTRITOS Values ('110114','Yauca Del Rosario  1/','110100') 
Insert Into DISTRITOS Values ('110201','Chincha Alta','110200') 
Insert Into DISTRITOS Values ('110202','Alto Laran','110200') 
Insert Into DISTRITOS Values ('110203','Chavin','110200') 
Insert Into DISTRITOS Values ('110204','Chincha Baja','110200') 
Insert Into DISTRITOS Values ('110205','El Carmen','110200') 
Insert Into DISTRITOS Values ('110206','Grocio Prado','110200') 
Insert Into DISTRITOS Values ('110207','Pueblo Nuevo','110200') 
Insert Into DISTRITOS Values ('110208','San Juan De Yanac','110200') 
Insert Into DISTRITOS Values ('110209','San Pedro De Huacarpana','110200') 
Insert Into DISTRITOS Values ('110210','Sunampe','110200') 
Insert Into DISTRITOS Values ('110211','Tambo De Mora','110200') 
Insert Into DISTRITOS Values ('110301','Nazca','110300') 
Insert Into DISTRITOS Values ('110302','Changuillo','110300') 
Insert Into DISTRITOS Values ('110303','El Ingenio','110300') 
Insert Into DISTRITOS Values ('110304','Marcona','110300') 
Insert Into DISTRITOS Values ('110305','Vista Alegre','110300') 
Insert Into DISTRITOS Values ('110401','Palpa','110400') 
Insert Into DISTRITOS Values ('110402','Llipata','110400') 
Insert Into DISTRITOS Values ('110403','Rio Grande','110400') 
Insert Into DISTRITOS Values ('110404','Santa Cruz','110400') 
Insert Into DISTRITOS Values ('110405','Tibillo','110400') 
Insert Into DISTRITOS Values ('110501','Pisco','110500') 
Insert Into DISTRITOS Values ('110502','Huancano','110500') 
Insert Into DISTRITOS Values ('110503','Humay','110500') 
Insert Into DISTRITOS Values ('110504','Independencia','110500') 
Insert Into DISTRITOS Values ('110505','Paracas','110500') 
Insert Into DISTRITOS Values ('110506','San Andres','110500') 
Insert Into DISTRITOS Values ('110507','San Clemente','110500') 
Insert Into DISTRITOS Values ('110508','Tupac Amaru Inca','110500') 
Insert Into DISTRITOS Values ('120101','Huancayo','120100') 
Insert Into DISTRITOS Values ('120104','Carhuacallanga','120100') 
Insert Into DISTRITOS Values ('120105','Chacapampa','120100') 
Insert Into DISTRITOS Values ('120106','Chicche','120100') 
Insert Into DISTRITOS Values ('120107','Chilca','120100') 
Insert Into DISTRITOS Values ('120108','Chongos Alto','120100') 
Insert Into DISTRITOS Values ('120111','Chupuro','120100') 
Insert Into DISTRITOS Values ('120112','Colca','120100') 
Insert Into DISTRITOS Values ('120113','Cullhuas','120100') 
Insert Into DISTRITOS Values ('120114','El Tambo','120100') 
Insert Into DISTRITOS Values ('120116','Huacrapuquio','120100') 
Insert Into DISTRITOS Values ('120117','Hualhuas','120100') 
Insert Into DISTRITOS Values ('120119','Huancan','120100') 
Insert Into DISTRITOS Values ('120120','Huasicancha','120100') 
Insert Into DISTRITOS Values ('120121','Huayucachi','120100') 
Insert Into DISTRITOS Values ('120122','Ingenio','120100') 
Insert Into DISTRITOS Values ('120124','Pariahuanca   1/','120100') 
Insert Into DISTRITOS Values ('120125','Pilcomayo','120100') 
Insert Into DISTRITOS Values ('120126','Pucara','120100') 
Insert Into DISTRITOS Values ('120127','Quichuay','120100') 
Insert Into DISTRITOS Values ('120128','Quilcas','120100') 
Insert Into DISTRITOS Values ('120129','San Agustin','120100') 
Insert Into DISTRITOS Values ('120130','San Jeronimo De Tunan','120100') 
Insert Into DISTRITOS Values ('120132','Saño','120100') 
Insert Into DISTRITOS Values ('120133','Sapallanga','120100') 
Insert Into DISTRITOS Values ('120134','Sicaya','120100') 
Insert Into DISTRITOS Values ('120135','Santo Domingo De Acobamba','120100') 
Insert Into DISTRITOS Values ('120136','Viques','120100') 
Insert Into DISTRITOS Values ('120201','Concepcion','120200') 
Insert Into DISTRITOS Values ('120202','Aco','120200') 
Insert Into DISTRITOS Values ('120203','Andamarca','120200') 
Insert Into DISTRITOS Values ('120204','Chambara','120200') 
Insert Into DISTRITOS Values ('120205','Cochas','120200') 
Insert Into DISTRITOS Values ('120206','Comas','120200') 
Insert Into DISTRITOS Values ('120207','Heroinas Toledo','120200') 
Insert Into DISTRITOS Values ('120208','Manzanares','120200') 
Insert Into DISTRITOS Values ('120209','Mariscal Castilla','120200') 
Insert Into DISTRITOS Values ('120210','Matahuasi','120200') 
Insert Into DISTRITOS Values ('120211','Mito','120200') 
Insert Into DISTRITOS Values ('120212','Nueve De Julio','120200') 
Insert Into DISTRITOS Values ('120213','Orcotuna','120200') 
Insert Into DISTRITOS Values ('120214','San Jose De Quero','120200') 
Insert Into DISTRITOS Values ('120215','Santa Rosa De Ocopa','120200') 
Insert Into DISTRITOS Values ('120301','Chanchamayo','120300') 
Insert Into DISTRITOS Values ('120302','Perene','120300') 
Insert Into DISTRITOS Values ('120303','Pichanaqui','120300') 
Insert Into DISTRITOS Values ('120304','San Luis De Shuaro','120300') 
Insert Into DISTRITOS Values ('120305','San Ramon','120300') 
Insert Into DISTRITOS Values ('120306','Vitoc','120300') 
Insert Into DISTRITOS Values ('120401','Jauja','120400') 
Insert Into DISTRITOS Values ('120402','Acolla','120400') 
Insert Into DISTRITOS Values ('120403','Apata','120400') 
Insert Into DISTRITOS Values ('120404','Ataura','120400') 
Insert Into DISTRITOS Values ('120405','Canchayllo','120400') 
Insert Into DISTRITOS Values ('120406','Curicaca','120400') 
Insert Into DISTRITOS Values ('120407','El Mantaro','120400') 
Insert Into DISTRITOS Values ('120408','Huamali','120400') 
Insert Into DISTRITOS Values ('120409','Huaripampa','120400') 
Insert Into DISTRITOS Values ('120410','Huertas','120400') 
Insert Into DISTRITOS Values ('120411','Janjaillo','120400') 
Insert Into DISTRITOS Values ('120412','Julcan','120400') 
Insert Into DISTRITOS Values ('120413','Leonor Ordoñez','120400') 
Insert Into DISTRITOS Values ('120414','Llocllapampa','120400') 
Insert Into DISTRITOS Values ('120415','Marco','120400') 
Insert Into DISTRITOS Values ('120416','Masma','120400') 
Insert Into DISTRITOS Values ('120417','Masma Chicche','120400') 
Insert Into DISTRITOS Values ('120418','Molinos','120400') 
Insert Into DISTRITOS Values ('120419','Monobamba','120400') 
Insert Into DISTRITOS Values ('120420','Muqui','120400') 
Insert Into DISTRITOS Values ('120421','Muquiyauyo','120400') 
Insert Into DISTRITOS Values ('120422','Paca','120400') 
Insert Into DISTRITOS Values ('120423','Paccha','120400') 
Insert Into DISTRITOS Values ('120424','Pancan','120400') 
Insert Into DISTRITOS Values ('120425','Parco','120400') 
Insert Into DISTRITOS Values ('120426','Pomacancha','120400') 
Insert Into DISTRITOS Values ('120427','Ricran','120400') 
Insert Into DISTRITOS Values ('120428','San Lorenzo','120400') 
Insert Into DISTRITOS Values ('120429','San Pedro De Chunan','120400') 
Insert Into DISTRITOS Values ('120430','Sausa','120400') 
Insert Into DISTRITOS Values ('120431','Sincos','120400') 
Insert Into DISTRITOS Values ('120432','Tunan Marca','120400') 
Insert Into DISTRITOS Values ('120433','Yauli','120400') 
Insert Into DISTRITOS Values ('120434','Yauyos','120400') 
Insert Into DISTRITOS Values ('120501','Junin','120500') 
Insert Into DISTRITOS Values ('120502','Carhuamayo','120500') 
Insert Into DISTRITOS Values ('120503','Ondores','120500') 
Insert Into DISTRITOS Values ('120504','Ulcumayo','120500') 
Insert Into DISTRITOS Values ('120601','Satipo','120600') 
Insert Into DISTRITOS Values ('120602','Coviriali','120600') 
Insert Into DISTRITOS Values ('120603','Llaylla','120600') 
Insert Into DISTRITOS Values ('120604','Mazamari','120600') 
Insert Into DISTRITOS Values ('120605','Pampa Hermosa','120600') 
Insert Into DISTRITOS Values ('120606','Pangoa','120600') 
Insert Into DISTRITOS Values ('120607','Rio Negro','120600') 
Insert Into DISTRITOS Values ('120608','Rio Tambo','120600') 
Insert Into DISTRITOS Values ('120701','Tarma','120700') 
Insert Into DISTRITOS Values ('120702','Acobamba','120700') 
Insert Into DISTRITOS Values ('120703','Huaricolca','120700') 
Insert Into DISTRITOS Values ('120704','Huasahuasi','120700') 
Insert Into DISTRITOS Values ('120705','La Union','120700') 
Insert Into DISTRITOS Values ('120706','Palca','120700') 
Insert Into DISTRITOS Values ('120707','Palcamayo','120700') 
Insert Into DISTRITOS Values ('120708','San Pedro De Cajas','120700') 
Insert Into DISTRITOS Values ('120709','Tapo','120700') 
Insert Into DISTRITOS Values ('120801','La Oroya','120800') 
Insert Into DISTRITOS Values ('120802','Chacapalpa','120800') 
Insert Into DISTRITOS Values ('120803','Huay-Huay','120800') 
Insert Into DISTRITOS Values ('120804','Marcapomacocha','120800') 
Insert Into DISTRITOS Values ('120805','Morococha','120800') 
Insert Into DISTRITOS Values ('120806','Paccha','120800') 
Insert Into DISTRITOS Values ('120807','Santa Barbara De Carhuacayan','120800') 
Insert Into DISTRITOS Values ('120808','Santa Rosa De Sacco','120800') 
Insert Into DISTRITOS Values ('120809','Suitucancha','120800') 
Insert Into DISTRITOS Values ('120810','Yauli','120800') 
Insert Into DISTRITOS Values ('120901','Chupaca','120900') 
Insert Into DISTRITOS Values ('120902','Ahuac','120900') 
Insert Into DISTRITOS Values ('120903','Chongos Bajo','120900') 
Insert Into DISTRITOS Values ('120904','Huachac','120900') 
Insert Into DISTRITOS Values ('120905','Huamancaca Chico','120900') 
Insert Into DISTRITOS Values ('120906','San Juan De Iscos','120900') 
Insert Into DISTRITOS Values ('120907','San Juan De Jarpa','120900') 
Insert Into DISTRITOS Values ('120908','Tres De Diciembre','120900') 
Insert Into DISTRITOS Values ('120909','Yanacancha','120900') 
Insert Into DISTRITOS Values ('130101','Trujillo','130100') 
Insert Into DISTRITOS Values ('130102','El Porvenir','130100') 
Insert Into DISTRITOS Values ('130103','Florencia De Mora','130100') 
Insert Into DISTRITOS Values ('130104','Huanchaco','130100') 
Insert Into DISTRITOS Values ('130105','La Esperanza','130100') 
Insert Into DISTRITOS Values ('130106','Laredo','130100') 
Insert Into DISTRITOS Values ('130107','Moche','130100') 
Insert Into DISTRITOS Values ('130108','Poroto','130100') 
Insert Into DISTRITOS Values ('130109','Salaverry','130100') 
Insert Into DISTRITOS Values ('130110','Simbal','130100') 
Insert Into DISTRITOS Values ('130111','Victor Larco Herrera','130100') 
Insert Into DISTRITOS Values ('130201','Ascope','130200') 
Insert Into DISTRITOS Values ('130202','Chicama','130200') 
Insert Into DISTRITOS Values ('130203','Chocope','130200') 
Insert Into DISTRITOS Values ('130204','Magdalena De Cao','130200') 
Insert Into DISTRITOS Values ('130205','Paijan','130200') 
Insert Into DISTRITOS Values ('130206','Razuri','130200') 
Insert Into DISTRITOS Values ('130207','Santiago De Cao','130200') 
Insert Into DISTRITOS Values ('130208','Casa Grande','130200') 
Insert Into DISTRITOS Values ('130301','Bolivar','130300') 
Insert Into DISTRITOS Values ('130302','Bambamarca','130300') 
Insert Into DISTRITOS Values ('130303','Condormarca','130300') 
Insert Into DISTRITOS Values ('130304','Longotea','130300') 
Insert Into DISTRITOS Values ('130305','Uchumarca','130300') 
Insert Into DISTRITOS Values ('130306','Ucuncha','130300') 
Insert Into DISTRITOS Values ('130401','Chepen','130400') 
Insert Into DISTRITOS Values ('130402','Pacanga','130400') 
Insert Into DISTRITOS Values ('130403','Pueblo Nuevo','130400') 
Insert Into DISTRITOS Values ('130501','Julcan','130500') 
Insert Into DISTRITOS Values ('130502','Calamarca','130500') 
Insert Into DISTRITOS Values ('130503','Carabamba','130500') 
Insert Into DISTRITOS Values ('130504','Huaso','130500') 
Insert Into DISTRITOS Values ('130601','Otuzco','130600') 
Insert Into DISTRITOS Values ('130602','Agallpampa','130600') 
Insert Into DISTRITOS Values ('130604','Charat','130600') 
Insert Into DISTRITOS Values ('130605','Huaranchal','130600') 
Insert Into DISTRITOS Values ('130606','La Cuesta','130600') 
Insert Into DISTRITOS Values ('130608','Mache','130600') 
Insert Into DISTRITOS Values ('130610','Paranday','130600') 
Insert Into DISTRITOS Values ('130611','Salpo','130600') 
Insert Into DISTRITOS Values ('130613','Sinsicap','130600') 
Insert Into DISTRITOS Values ('130614','Usquil','130600') 
Insert Into DISTRITOS Values ('130701','San Pedro De Lloc','130700') 
Insert Into DISTRITOS Values ('130702','Guadalupe','130700') 
Insert Into DISTRITOS Values ('130703','Jequetepeque','130700') 
Insert Into DISTRITOS Values ('130704','Pacasmayo','130700') 
Insert Into DISTRITOS Values ('130705','San Jose','130700') 
Insert Into DISTRITOS Values ('130801','Tayabamba','130800') 
Insert Into DISTRITOS Values ('130802','Buldibuyo','130800') 
Insert Into DISTRITOS Values ('130803','Chillia','130800') 
Insert Into DISTRITOS Values ('130804','Huancaspata','130800') 
Insert Into DISTRITOS Values ('130805','Huaylillas','130800') 
Insert Into DISTRITOS Values ('130806','Huayo','130800') 
Insert Into DISTRITOS Values ('130807','Ongon','130800') 
Insert Into DISTRITOS Values ('130808','Parcoy','130800') 
Insert Into DISTRITOS Values ('130809','Pataz','130800') 
Insert Into DISTRITOS Values ('130810','Pias','130800') 
Insert Into DISTRITOS Values ('130811','Santiago De Challas','130800') 
Insert Into DISTRITOS Values ('130812','Taurija','130800') 
Insert Into DISTRITOS Values ('130813','Urpay','130800') 
Insert Into DISTRITOS Values ('130901','Huamachuco','130900') 
Insert Into DISTRITOS Values ('130902','Chugay','130900') 
Insert Into DISTRITOS Values ('130903','Cochorco','130900') 
Insert Into DISTRITOS Values ('130904','Curgos','130900') 
Insert Into DISTRITOS Values ('130905','Marcabal','130900') 
Insert Into DISTRITOS Values ('130906','Sanagoran','130900') 
Insert Into DISTRITOS Values ('130907','Sarin','130900') 
Insert Into DISTRITOS Values ('130908','Sartimbamba','130900') 
Insert Into DISTRITOS Values ('131001','Santiago De Chuco','131000') 
Insert Into DISTRITOS Values ('131002','Angasmarca','131000') 
Insert Into DISTRITOS Values ('131003','Cachicadan','131000') 
Insert Into DISTRITOS Values ('131004','Mollebamba','131000') 
Insert Into DISTRITOS Values ('131005','Mollepata','131000') 
Insert Into DISTRITOS Values ('131006','Quiruvilca','131000') 
Insert Into DISTRITOS Values ('131007','Santa Cruz De Chuca','131000') 
Insert Into DISTRITOS Values ('131008','Sitabamba','131000') 
Insert Into DISTRITOS Values ('131101','Cascas','131100') 
Insert Into DISTRITOS Values ('131102','Lucma','131100') 
Insert Into DISTRITOS Values ('131103','Marmot  1/','131100') 
Insert Into DISTRITOS Values ('131104','Sayapullo','131100') 
Insert Into DISTRITOS Values ('131201','Viru','131200') 
Insert Into DISTRITOS Values ('131202','Chao','131200') 
Insert Into DISTRITOS Values ('131203','Guadalupito','131200') 
Insert Into DISTRITOS Values ('140101','Chiclayo','140100') 
Insert Into DISTRITOS Values ('140102','Chongoyape','140100') 
Insert Into DISTRITOS Values ('140103','Eten','140100') 
Insert Into DISTRITOS Values ('140104','Eten Puerto','140100') 
Insert Into DISTRITOS Values ('140105','Jose Leonardo Ortiz','140100') 
Insert Into DISTRITOS Values ('140106','La Victoria','140100') 
Insert Into DISTRITOS Values ('140107','Lagunas   ','140100') 
Insert Into DISTRITOS Values ('140108','Monsefu','140100') 
Insert Into DISTRITOS Values ('140109','Nueva Arica','140100') 
Insert Into DISTRITOS Values ('140110','Oyotun','140100') 
Insert Into DISTRITOS Values ('140111','Picsi','140100') 
Insert Into DISTRITOS Values ('140112','Pimentel','140100') 
Insert Into DISTRITOS Values ('140113','Reque','140100') 
Insert Into DISTRITOS Values ('140114','Santa Rosa','140100') 
Insert Into DISTRITOS Values ('140115','Saña','140100') 
Insert Into DISTRITOS Values ('140116','Cayalti','140100') 
Insert Into DISTRITOS Values ('140117','Patapo','140100') 
Insert Into DISTRITOS Values ('140118','Pomalca','140100') 
Insert Into DISTRITOS Values ('140119','Pucala','140100') 
Insert Into DISTRITOS Values ('140120','Tuman','140100') 
Insert Into DISTRITOS Values ('140201','Ferreñafe','140200') 
Insert Into DISTRITOS Values ('140202','Cañaris','140200') 
Insert Into DISTRITOS Values ('140203','Incahuasi','140200') 
Insert Into DISTRITOS Values ('140204','Manuel Antonio Mesones Muro','140200') 
Insert Into DISTRITOS Values ('140205','Pitipo','140200') 
Insert Into DISTRITOS Values ('140206','Pueblo Nuevo','140200') 
Insert Into DISTRITOS Values ('140301','Lambayeque','140300') 
Insert Into DISTRITOS Values ('140302','Chochope','140300') 
Insert Into DISTRITOS Values ('140303','Illimo','140300') 
Insert Into DISTRITOS Values ('140304','Jayanca','140300') 
Insert Into DISTRITOS Values ('140305','Mochumi','140300') 
Insert Into DISTRITOS Values ('140306','Morrope','140300') 
Insert Into DISTRITOS Values ('140307','Motupe','140300') 
Insert Into DISTRITOS Values ('140308','Olmos','140300') 
Insert Into DISTRITOS Values ('140309','Pacora','140300') 
Insert Into DISTRITOS Values ('140310','Salas','140300') 
Insert Into DISTRITOS Values ('140311','San Jose','140300') 
Insert Into DISTRITOS Values ('140312','Tucume','140300') 
Insert Into DISTRITOS Values ('150101','Lima','150100') 
Insert Into DISTRITOS Values ('150102','Ancon','150100') 
Insert Into DISTRITOS Values ('150103','Ate','150100') 
Insert Into DISTRITOS Values ('150104','Barranco','150100') 
Insert Into DISTRITOS Values ('150105','Breña','150100') 
Insert Into DISTRITOS Values ('150106','Carabayllo','150100') 
Insert Into DISTRITOS Values ('150107','Chaclacayo','150100') 
Insert Into DISTRITOS Values ('150108','Chorrillos','150100') 
Insert Into DISTRITOS Values ('150109','Cieneguilla','150100') 
Insert Into DISTRITOS Values ('150110','Comas','150100') 
Insert Into DISTRITOS Values ('150111','El Agustino','150100') 
Insert Into DISTRITOS Values ('150112','Independencia','150100') 
Insert Into DISTRITOS Values ('150113','Jesus Maria','150100') 
Insert Into DISTRITOS Values ('150114','La Molina','150100') 
Insert Into DISTRITOS Values ('150115','La Victoria','150100') 
Insert Into DISTRITOS Values ('150116','Lince','150100') 
Insert Into DISTRITOS Values ('150117','Los Olivos','150100') 
Insert Into DISTRITOS Values ('150118','Lurigancho','150100') 
Insert Into DISTRITOS Values ('150119','Lurin','150100') 
Insert Into DISTRITOS Values ('150120','Magdalena Del Mar','150100') 
Insert Into DISTRITOS Values ('150121','Magdalena Vieja','150100') 
Insert Into DISTRITOS Values ('150122','Miraflores','150100') 
Insert Into DISTRITOS Values ('150123','Pachacamac','150100') 
Insert Into DISTRITOS Values ('150124','Pucusana','150100') 
Insert Into DISTRITOS Values ('150125','Puente Piedra','150100') 
Insert Into DISTRITOS Values ('150126','Punta Hermosa','150100') 
Insert Into DISTRITOS Values ('150127','Punta Negra','150100') 
Insert Into DISTRITOS Values ('150128','Rimac','150100') 
Insert Into DISTRITOS Values ('150129','San Bartolo','150100') 
Insert Into DISTRITOS Values ('150130','San Borja','150100') 
Insert Into DISTRITOS Values ('150131','San Isidro','150100') 
Insert Into DISTRITOS Values ('150132','San Juan De Lurigancho','150100') 
Insert Into DISTRITOS Values ('150133','San Juan De Miraflores','150100') 
Insert Into DISTRITOS Values ('150134','San Luis','150100') 
Insert Into DISTRITOS Values ('150135','San Martin De Porres','150100') 
Insert Into DISTRITOS Values ('150136','San Miguel','150100') 
Insert Into DISTRITOS Values ('150137','Santa Anita','150100') 
Insert Into DISTRITOS Values ('150138','Santa Maria Del Mar','150100') 
Insert Into DISTRITOS Values ('150139','Santa Rosa','150100') 
Insert Into DISTRITOS Values ('150140','Santiago De Surco','150100') 
Insert Into DISTRITOS Values ('150141','Surquillo','150100') 
Insert Into DISTRITOS Values ('150142','Villa El Salvador','150100') 
Insert Into DISTRITOS Values ('150143','Villa Maria Del Triunfo','150100') 
Insert Into DISTRITOS Values ('150201','Barranca','150200') 
Insert Into DISTRITOS Values ('150202','Paramonga','150200') 
Insert Into DISTRITOS Values ('150203','Pativilca','150200') 
Insert Into DISTRITOS Values ('150204','Supe','150200') 
Insert Into DISTRITOS Values ('150205','Supe Puerto','150200') 
Insert Into DISTRITOS Values ('150301','Cajatambo','150300') 
Insert Into DISTRITOS Values ('150302','Copa','150300') 
Insert Into DISTRITOS Values ('150303','Gorgor','150300') 
Insert Into DISTRITOS Values ('150304','Huancapon','150300') 
Insert Into DISTRITOS Values ('150305','Manas','150300') 
Insert Into DISTRITOS Values ('150401','Canta','150400') 
Insert Into DISTRITOS Values ('150402','Arahuay','150400') 
Insert Into DISTRITOS Values ('150403','Huamantanga','150400') 
Insert Into DISTRITOS Values ('150404','Huaros','150400') 
Insert Into DISTRITOS Values ('150405','Lachaqui','150400') 
Insert Into DISTRITOS Values ('150406','San Buenaventura','150400') 
Insert Into DISTRITOS Values ('150407','Santa Rosa De Quives','150400') 
Insert Into DISTRITOS Values ('150501','San Vicente De Cañete','150500') 
Insert Into DISTRITOS Values ('150502','Asia','150500') 
Insert Into DISTRITOS Values ('150503','Calango','150500') 
Insert Into DISTRITOS Values ('150504','Cerro Azul','150500') 
Insert Into DISTRITOS Values ('150505','Chilca','150500') 
Insert Into DISTRITOS Values ('150506','Coayllo','150500') 
Insert Into DISTRITOS Values ('150507','Imperial','150500') 
Insert Into DISTRITOS Values ('150508','Lunahuana','150500') 
Insert Into DISTRITOS Values ('150509','Mala','150500') 
Insert Into DISTRITOS Values ('150510','Nuevo Imperial','150500') 
Insert Into DISTRITOS Values ('150511','Pacaran','150500') 
Insert Into DISTRITOS Values ('150512','Quilmana','150500') 
Insert Into DISTRITOS Values ('150513','San Antonio','150500') 
Insert Into DISTRITOS Values ('150514','San Luis','150500') 
Insert Into DISTRITOS Values ('150515','Santa Cruz De Flores','150500') 
Insert Into DISTRITOS Values ('150516','Zuñiga','150500') 
Insert Into DISTRITOS Values ('150601','Huaral','150600') 
Insert Into DISTRITOS Values ('150602','Atavillos Alto','150600') 
Insert Into DISTRITOS Values ('150603','Atavillos Bajo','150600') 
Insert Into DISTRITOS Values ('150604','Aucallama','150600') 
Insert Into DISTRITOS Values ('150605','Chancay','150600') 
Insert Into DISTRITOS Values ('150606','Ihuari','150600') 
Insert Into DISTRITOS Values ('150607','Lampian','150600') 
Insert Into DISTRITOS Values ('150608','Pacaraos','150600') 
Insert Into DISTRITOS Values ('150609','San Miguel De Acos','150600') 
Insert Into DISTRITOS Values ('150610','Santa Cruz De Andamarca','150600') 
Insert Into DISTRITOS Values ('150611','Sumbilca','150600') 
Insert Into DISTRITOS Values ('150612','Veintisiete De Noviembre','150600') 
Insert Into DISTRITOS Values ('150701','Matucana','150700') 
Insert Into DISTRITOS Values ('150702','Antioquia','150700') 
Insert Into DISTRITOS Values ('150703','Callahuanca','150700') 
Insert Into DISTRITOS Values ('150704','Carampoma','150700') 
Insert Into DISTRITOS Values ('150705','Chicla','150700') 
Insert Into DISTRITOS Values ('150706','Cuenca','150700') 
Insert Into DISTRITOS Values ('150707','Huachupampa','150700') 
Insert Into DISTRITOS Values ('150708','Huanza','150700') 
Insert Into DISTRITOS Values ('150709','Huarochiri','150700') 
Insert Into DISTRITOS Values ('150710','Lahuaytambo','150700') 
Insert Into DISTRITOS Values ('150711','Langa','150700') 
Insert Into DISTRITOS Values ('150712','Laraos','150700') 
Insert Into DISTRITOS Values ('150713','Mariatana','150700') 
Insert Into DISTRITOS Values ('150714','Ricardo Palma','150700') 
Insert Into DISTRITOS Values ('150715','San Andres De Tupicocha','150700') 
Insert Into DISTRITOS Values ('150716','San Antonio','150700') 
Insert Into DISTRITOS Values ('150717','San Bartolome','150700') 
Insert Into DISTRITOS Values ('150718','San Damian','150700') 
Insert Into DISTRITOS Values ('150719','San Juan De Iris','150700') 
Insert Into DISTRITOS Values ('150720','San Juan De Tantaranche','150700') 
Insert Into DISTRITOS Values ('150721','San Lorenzo De Quinti','150700') 
Insert Into DISTRITOS Values ('150722','San Mateo','150700') 
Insert Into DISTRITOS Values ('150723','San Mateo De Otao','150700') 
Insert Into DISTRITOS Values ('150724','San Pedro De Casta','150700') 
Insert Into DISTRITOS Values ('150725','San Pedro De Huancayre','150700') 
Insert Into DISTRITOS Values ('150726','Sangallaya','150700') 
Insert Into DISTRITOS Values ('150727','Santa Cruz De Cocachacra','150700') 
Insert Into DISTRITOS Values ('150728','Santa Eulalia','150700') 
Insert Into DISTRITOS Values ('150729','Santiago De Anchucaya','150700') 
Insert Into DISTRITOS Values ('150730','Santiago De Tuna','150700') 
Insert Into DISTRITOS Values ('150731','Santo Domingo De Los Olleros','150700') 
Insert Into DISTRITOS Values ('150732','Surco','150700') 
Insert Into DISTRITOS Values ('150801','Huacho','150800') 
Insert Into DISTRITOS Values ('150802','Ambar','150800') 
Insert Into DISTRITOS Values ('150803','Caleta De Carquin','150800') 
Insert Into DISTRITOS Values ('150804','Checras','150800') 
Insert Into DISTRITOS Values ('150805','Hualmay','150800') 
Insert Into DISTRITOS Values ('150806','Huaura','150800') 
Insert Into DISTRITOS Values ('150807','Leoncio Prado','150800') 
Insert Into DISTRITOS Values ('150808','Paccho','150800') 
Insert Into DISTRITOS Values ('150809','Santa Leonor','150800') 
Insert Into DISTRITOS Values ('150810','Santa Maria','150800') 
Insert Into DISTRITOS Values ('150811','Sayan','150800') 
Insert Into DISTRITOS Values ('150812','Vegueta','150800') 
Insert Into DISTRITOS Values ('150901','Oyon','150900') 
Insert Into DISTRITOS Values ('150902','Andajes','150900') 
Insert Into DISTRITOS Values ('150903','Caujul','150900') 
Insert Into DISTRITOS Values ('150904','Cochamarca','150900') 
Insert Into DISTRITOS Values ('150905','Navan','150900') 
Insert Into DISTRITOS Values ('150906','Pachangara','150900') 
Insert Into DISTRITOS Values ('151001','Yauyos','151000') 
Insert Into DISTRITOS Values ('151002','Alis','151000') 
Insert Into DISTRITOS Values ('151003','Ayauca','151000') 
Insert Into DISTRITOS Values ('151004','Ayaviri','151000') 
Insert Into DISTRITOS Values ('151005','Azangaro','151000') 
Insert Into DISTRITOS Values ('151006','Cacra','151000') 
Insert Into DISTRITOS Values ('151007','Carania','151000') 
Insert Into DISTRITOS Values ('151008','Catahuasi','151000') 
Insert Into DISTRITOS Values ('151009','Chocos','151000') 
Insert Into DISTRITOS Values ('151010','Cochas','151000') 
Insert Into DISTRITOS Values ('151011','Colonia','151000') 
Insert Into DISTRITOS Values ('151012','Hongos','151000') 
Insert Into DISTRITOS Values ('151013','Huampara','151000') 
Insert Into DISTRITOS Values ('151014','Huancaya','151000') 
Insert Into DISTRITOS Values ('151015','Huangascar','151000') 
Insert Into DISTRITOS Values ('151016','Huantan','151000') 
Insert Into DISTRITOS Values ('151017','Huañec','151000') 
Insert Into DISTRITOS Values ('151018','Laraos','151000') 
Insert Into DISTRITOS Values ('151019','Lincha','151000') 
Insert Into DISTRITOS Values ('151020','Madean','151000') 
Insert Into DISTRITOS Values ('151021','Miraflores','151000') 
Insert Into DISTRITOS Values ('151022','Omas','151000') 
Insert Into DISTRITOS Values ('151023','Putinza','151000') 
Insert Into DISTRITOS Values ('151024','Quinches','151000') 
Insert Into DISTRITOS Values ('151025','Quinocay','151000') 
Insert Into DISTRITOS Values ('151026','San Joaquin','151000') 
Insert Into DISTRITOS Values ('151027','San Pedro De Pilas','151000') 
Insert Into DISTRITOS Values ('151028','Tanta','151000') 
Insert Into DISTRITOS Values ('151029','Tauripampa','151000') 
Insert Into DISTRITOS Values ('151030','Tomas','151000') 
Insert Into DISTRITOS Values ('151031','Tupe','151000') 
Insert Into DISTRITOS Values ('151032','Viñac','151000') 
Insert Into DISTRITOS Values ('151033','Vitis','151000') 
Insert Into DISTRITOS Values ('160101','Iquitos','160100') 
Insert Into DISTRITOS Values ('160102','Alto Nanay','160100') 
Insert Into DISTRITOS Values ('160103','Fernando Lores','160100') 
Insert Into DISTRITOS Values ('160104','Indiana','160100') 
Insert Into DISTRITOS Values ('160105','Las Amazonas','160100') 
Insert Into DISTRITOS Values ('160106','Mazan','160100') 
Insert Into DISTRITOS Values ('160107','Napo','160100') 
Insert Into DISTRITOS Values ('160108','Punchana','160100') 
Insert Into DISTRITOS Values ('160109','Putumayo    ','160100') 
Insert Into DISTRITOS Values ('160110','Torres Causana','160100') 
Insert Into DISTRITOS Values ('160111','Yaquerana    ','160500') 
Insert Into DISTRITOS Values ('160112','Belen','160100') 
Insert Into DISTRITOS Values ('160113','San Juan Bautista','160100') 
Insert Into DISTRITOS Values ('160201','Yurimaguas','160200') 
Insert Into DISTRITOS Values ('160202','Balsapuerto','160200') 
Insert Into DISTRITOS Values ('160203','Barranca','160200') 
Insert Into DISTRITOS Values ('160204','Cahuapanas','160200') 
Insert Into DISTRITOS Values ('160205','Jeberos','160200') 
Insert Into DISTRITOS Values ('160206','Lagunas','160200') 
Insert Into DISTRITOS Values ('160207','Manseriche','160200') 
Insert Into DISTRITOS Values ('160208','Morona','160200') 
Insert Into DISTRITOS Values ('160209','Pastaza','160200') 
Insert Into DISTRITOS Values ('160210','Santa Cruz','160200') 
Insert Into DISTRITOS Values ('160211','Teniente Cesar Lopez Rojas','160200') 
Insert Into DISTRITOS Values ('160301','Nauta','160300') 
Insert Into DISTRITOS Values ('160302','Parinari   1/','160300') 
Insert Into DISTRITOS Values ('160303','Tigre','160300') 
Insert Into DISTRITOS Values ('160304','Trompeteros','160300') 
Insert Into DISTRITOS Values ('160305','Urarinas    2/','160300') 
Insert Into DISTRITOS Values ('160401','Ramon Castilla','160400') 
Insert Into DISTRITOS Values ('160402','Pebas','160400') 
Insert Into DISTRITOS Values ('160403','Yavari','160400') 
Insert Into DISTRITOS Values ('160404','San Pablo','160400') 
Insert Into DISTRITOS Values ('160501','Requena','160500') 
Insert Into DISTRITOS Values ('160502','Alto Tapiche','160500') 
Insert Into DISTRITOS Values ('160503','Capelo','160500') 
Insert Into DISTRITOS Values ('160504','Emilio San Martin','160500') 
Insert Into DISTRITOS Values ('160505','Maquia','160500') 
Insert Into DISTRITOS Values ('160506','Puinahua','160500') 
Insert Into DISTRITOS Values ('160507','Saquena','160500') 
Insert Into DISTRITOS Values ('160508','Soplin    3/','160500') 
Insert Into DISTRITOS Values ('160509','Tapiche','160500') 
Insert Into DISTRITOS Values ('160510','Jenaro Herrera','160500') 
Insert Into DISTRITOS Values ('160601','Contamana','160600') 
Insert Into DISTRITOS Values ('160602','Inahuaya','160600') 
Insert Into DISTRITOS Values ('160603','Padre Marquez','160600') 
Insert Into DISTRITOS Values ('160604','Pampa Hermosa','160600') 
Insert Into DISTRITOS Values ('160605','Sarayacu','160600') 
Insert Into DISTRITOS Values ('160606','Vargas Guerra','160600') 
Insert Into DISTRITOS Values ('170101','Tambopata','170100') 
Insert Into DISTRITOS Values ('170102','Inambari    1/','170100') 
Insert Into DISTRITOS Values ('170103','Las Piedras   2/','170100') 
Insert Into DISTRITOS Values ('170104','Laberinto','170100') 
Insert Into DISTRITOS Values ('170201','Manu    ','170200') 
Insert Into DISTRITOS Values ('170202','Fitzcarrald    ','170200') 
Insert Into DISTRITOS Values ('170203','Madre De Dios    ','170200') 
Insert Into DISTRITOS Values ('170204','Huepetuhe','170200') 
Insert Into DISTRITOS Values ('170301','Iñapari','170300') 
Insert Into DISTRITOS Values ('170302','Iberia','170300') 
Insert Into DISTRITOS Values ('170303','Tahuamanu','170300') 
Insert Into DISTRITOS Values ('180101','Moquegua','180100') 
Insert Into DISTRITOS Values ('180102','Carumas','180100') 
Insert Into DISTRITOS Values ('180103','Cuchumbaya','180100') 
Insert Into DISTRITOS Values ('180104','Samegua','180100') 
Insert Into DISTRITOS Values ('180105','San Cristobal','180100') 
Insert Into DISTRITOS Values ('180106','Torata','180100') 
Insert Into DISTRITOS Values ('180201','Omate','180200') 
Insert Into DISTRITOS Values ('180202','Chojata','180200') 
Insert Into DISTRITOS Values ('180203','Coalaque','180200') 
Insert Into DISTRITOS Values ('180204','Ichuña','180200') 
Insert Into DISTRITOS Values ('180205','La Capilla','180200') 
Insert Into DISTRITOS Values ('180206','Lloque','180200') 
Insert Into DISTRITOS Values ('180207','Matalaque','180200') 
Insert Into DISTRITOS Values ('180208','Puquina','180200') 
Insert Into DISTRITOS Values ('180209','Quinistaquillas','180200') 
Insert Into DISTRITOS Values ('180210','Ubinas','180200') 
Insert Into DISTRITOS Values ('180211','Yunga','180200') 
Insert Into DISTRITOS Values ('180301','Ilo','180300') 
Insert Into DISTRITOS Values ('180302','El Algarrobal','180300') 
Insert Into DISTRITOS Values ('180303','Pacocha','180300') 
Insert Into DISTRITOS Values ('190101','Chaupimarca','190100') 
Insert Into DISTRITOS Values ('190102','Huachon','190100') 
Insert Into DISTRITOS Values ('190103','Huariaca','190100') 
Insert Into DISTRITOS Values ('190104','Huayllay','190100') 
Insert Into DISTRITOS Values ('190105','Ninacaca','190100') 
Insert Into DISTRITOS Values ('190106','Pallanchacra','190100') 
Insert Into DISTRITOS Values ('190107','Paucartambo','190100') 
Insert Into DISTRITOS Values ('190108','San Fco.De Asis De Yarusyacan','190100') 
Insert Into DISTRITOS Values ('190109','Simon Bolivar','190100') 
Insert Into DISTRITOS Values ('190110','Ticlacayan','190100') 
Insert Into DISTRITOS Values ('190111','Tinyahuarco','190100') 
Insert Into DISTRITOS Values ('190112','Vicco','190100') 
Insert Into DISTRITOS Values ('190113','Yanacancha','190100') 
Insert Into DISTRITOS Values ('190201','Yanahuanca','190200') 
Insert Into DISTRITOS Values ('190202','Chacayan','190200') 
Insert Into DISTRITOS Values ('190203','Goyllarisquizga','190200') 
Insert Into DISTRITOS Values ('190204','Paucar','190200') 
Insert Into DISTRITOS Values ('190205','San Pedro De Pillao','190200') 
Insert Into DISTRITOS Values ('190206','Santa Ana De Tusi','190200') 
Insert Into DISTRITOS Values ('190207','Tapuc','190200') 
Insert Into DISTRITOS Values ('190208','Vilcabamba','190200') 
Insert Into DISTRITOS Values ('190301','Oxapampa','190300') 
Insert Into DISTRITOS Values ('190302','Chontabamba','190300') 
Insert Into DISTRITOS Values ('190303','Huancabamba','190300') 
Insert Into DISTRITOS Values ('190304','Palcazu','190300') 
Insert Into DISTRITOS Values ('190305','Pozuzo','190300') 
Insert Into DISTRITOS Values ('190306','Puerto Bermudez','190300') 
Insert Into DISTRITOS Values ('190307','Villa Rica','190300') 
Insert Into DISTRITOS Values ('200101','Piura','200100') 
Insert Into DISTRITOS Values ('200104','Castilla','200100') 
Insert Into DISTRITOS Values ('200105','Catacaos','200100') 
Insert Into DISTRITOS Values ('200107','Cura Mori','200100') 
Insert Into DISTRITOS Values ('200108','El Tallan','200100') 
Insert Into DISTRITOS Values ('200109','La Arena','200100') 
Insert Into DISTRITOS Values ('200110','La Union','200100') 
Insert Into DISTRITOS Values ('200111','Las Lomas','200100') 
Insert Into DISTRITOS Values ('200114','Tambo Grande','200100') 
Insert Into DISTRITOS Values ('200201','Ayabaca','200200') 
Insert Into DISTRITOS Values ('200202','Frias','200200') 
Insert Into DISTRITOS Values ('200203','Jilili','200200') 
Insert Into DISTRITOS Values ('200204','Lagunas','200200') 
Insert Into DISTRITOS Values ('200205','Montero','200200') 
Insert Into DISTRITOS Values ('200206','Pacaipampa','200200') 
Insert Into DISTRITOS Values ('200207','Paimas','200200') 
Insert Into DISTRITOS Values ('200208','Sapillica','200200') 
Insert Into DISTRITOS Values ('200209','Sicchez','200200') 
Insert Into DISTRITOS Values ('200210','Suyo','200200') 
Insert Into DISTRITOS Values ('200301','Huancabamba','200300') 
Insert Into DISTRITOS Values ('200302','Canchaque','200300') 
Insert Into DISTRITOS Values ('200303','El Carmen De La Frontera','200300') 
Insert Into DISTRITOS Values ('200304','Huarmaca','200300') 
Insert Into DISTRITOS Values ('200305','Lalaquiz','200300') 
Insert Into DISTRITOS Values ('200306','San Miguel De El Faique','200300') 
Insert Into DISTRITOS Values ('200307','Sondor','200300') 
Insert Into DISTRITOS Values ('200308','Sondorillo','200300') 
Insert Into DISTRITOS Values ('200401','Chulucanas','200400') 
Insert Into DISTRITOS Values ('200402','Buenos Aires','200400') 
Insert Into DISTRITOS Values ('200403','Chalaco','200400') 
Insert Into DISTRITOS Values ('200404','La Matanza','200400') 
Insert Into DISTRITOS Values ('200405','Morropon','200400') 
Insert Into DISTRITOS Values ('200406','Salitral','200400') 
Insert Into DISTRITOS Values ('200407','San Juan De Bigote','200400') 
Insert Into DISTRITOS Values ('200408','Santa Catalina De Mossa','200400') 
Insert Into DISTRITOS Values ('200409','Santo Domingo','200400') 
Insert Into DISTRITOS Values ('200410','Yamango','200400') 
Insert Into DISTRITOS Values ('200501','Paita','200500') 
Insert Into DISTRITOS Values ('200502','Amotape','200500') 
Insert Into DISTRITOS Values ('200503','Arenal','200500') 
Insert Into DISTRITOS Values ('200504','Colan','200500') 
Insert Into DISTRITOS Values ('200505','La Huaca','200500') 
Insert Into DISTRITOS Values ('200506','Tamarindo','200500') 
Insert Into DISTRITOS Values ('200507','Vichayal','200500') 
Insert Into DISTRITOS Values ('200601','Sullana','200600') 
Insert Into DISTRITOS Values ('200602','Bellavista 1','200600') 
Insert Into DISTRITOS Values ('200603','Ignacio Escudero','200600') 
Insert Into DISTRITOS Values ('200604','Lancones','200600') 
Insert Into DISTRITOS Values ('200605','Marcavelica','200600') 
Insert Into DISTRITOS Values ('200606','Miguel Checa','200600') 
Insert Into DISTRITOS Values ('200607','Querecotillo','200600') 
Insert Into DISTRITOS Values ('200608','Salitral','200600') 
Insert Into DISTRITOS Values ('200701','Pariñas','200700') 
Insert Into DISTRITOS Values ('200702','El Alto','200700') 
Insert Into DISTRITOS Values ('200703','La Brea','200700') 
Insert Into DISTRITOS Values ('200704','Lobitos','200700') 
Insert Into DISTRITOS Values ('200705','Los Organos','200700') 
Insert Into DISTRITOS Values ('200706','Mancora','200700') 
Insert Into DISTRITOS Values ('200801','Sechura','200800') 
Insert Into DISTRITOS Values ('200802','Bellavista De La Union','200800') 
Insert Into DISTRITOS Values ('200803','Bernal','200800') 
Insert Into DISTRITOS Values ('200804','Cristo Nos Valga','200800') 
Insert Into DISTRITOS Values ('200805','Vice','200800') 
Insert Into DISTRITOS Values ('200806','Rinconada Llicuar','200800') 
Insert Into DISTRITOS Values ('210101','Puno','210100') 
Insert Into DISTRITOS Values ('210102','Acora','210100') 
Insert Into DISTRITOS Values ('210103','Amantani','210100') 
Insert Into DISTRITOS Values ('210104','Atuncolla','210100') 
Insert Into DISTRITOS Values ('210105','Capachica','210100') 
Insert Into DISTRITOS Values ('210106','Chucuito','210100') 
Insert Into DISTRITOS Values ('210107','Coata','210100') 
Insert Into DISTRITOS Values ('210108','Huata','210100') 
Insert Into DISTRITOS Values ('210109','Mañazo','210100') 
Insert Into DISTRITOS Values ('210110','Paucarcolla','210100') 
Insert Into DISTRITOS Values ('210111','Pichacani','210100') 
Insert Into DISTRITOS Values ('210112','Plateria','210100') 
Insert Into DISTRITOS Values ('210113','San Antonio','210100') 
Insert Into DISTRITOS Values ('210114','Tiquillaca','210100') 
Insert Into DISTRITOS Values ('210115','Vilque','210100') 
Insert Into DISTRITOS Values ('210201','Azangaro','210200') 
Insert Into DISTRITOS Values ('210202','Achaya','210200') 
Insert Into DISTRITOS Values ('210203','Arapa','210200') 
Insert Into DISTRITOS Values ('210204','Asillo','210200') 
Insert Into DISTRITOS Values ('210205','Caminaca','210200') 
Insert Into DISTRITOS Values ('210206','Chupa','210200') 
Insert Into DISTRITOS Values ('210207','Jose Domingo Choquehuanca','210200') 
Insert Into DISTRITOS Values ('210208','Muñani','210200') 
Insert Into DISTRITOS Values ('210209','Potoni','210200') 
Insert Into DISTRITOS Values ('210210','Saman','210200') 
Insert Into DISTRITOS Values ('210211','San Anton','210200') 
Insert Into DISTRITOS Values ('210212','San Jose','210200') 
Insert Into DISTRITOS Values ('210213','San Juan De Salinas','210200') 
Insert Into DISTRITOS Values ('210214','Santiago De Pupuja','210200') 
Insert Into DISTRITOS Values ('210215','Tirapata','210200') 
Insert Into DISTRITOS Values ('210301','Macusani','210300') 
Insert Into DISTRITOS Values ('210302','Ajoyani','210300') 
Insert Into DISTRITOS Values ('210303','Ayapata','210300') 
Insert Into DISTRITOS Values ('210304','Coasa','210300') 
Insert Into DISTRITOS Values ('210305','Corani','210300') 
Insert Into DISTRITOS Values ('210306','Crucero','210300') 
Insert Into DISTRITOS Values ('210307','Ituata   1/','210300') 
Insert Into DISTRITOS Values ('210308','Ollachea','210300') 
Insert Into DISTRITOS Values ('210309','San Gaban','210300') 
Insert Into DISTRITOS Values ('210310','Usicayos','210300') 
Insert Into DISTRITOS Values ('210401','Juli','210400') 
Insert Into DISTRITOS Values ('210402','Desaguadero','210400') 
Insert Into DISTRITOS Values ('210403','Huacullani','210400') 
Insert Into DISTRITOS Values ('210404','Kelluyo','210400') 
Insert Into DISTRITOS Values ('210405','Pisacoma','210400') 
Insert Into DISTRITOS Values ('210406','Pomata','210400') 
Insert Into DISTRITOS Values ('210407','Zepita','210400') 
Insert Into DISTRITOS Values ('210501','Ilave','210500') 
Insert Into DISTRITOS Values ('210502','Capazo','210500') 
Insert Into DISTRITOS Values ('210503','Pilcuyo','210500') 
Insert Into DISTRITOS Values ('210504','Santa Rosa','210500') 
Insert Into DISTRITOS Values ('210505','Conduriri','210500') 
Insert Into DISTRITOS Values ('210601','Huancane','210600') 
Insert Into DISTRITOS Values ('210602','Cojata','210600') 
Insert Into DISTRITOS Values ('210603','Huatasani','210600') 
Insert Into DISTRITOS Values ('210604','Inchupalla','210600') 
Insert Into DISTRITOS Values ('210605','Pusi','210600') 
Insert Into DISTRITOS Values ('210606','Rosaspata','210600') 
Insert Into DISTRITOS Values ('210607','Taraco','210600') 
Insert Into DISTRITOS Values ('210608','Vilque Chico','210600') 
Insert Into DISTRITOS Values ('210701','Lampa','210700') 
Insert Into DISTRITOS Values ('210702','Cabanilla','210700') 
Insert Into DISTRITOS Values ('210703','Calapuja','210700') 
Insert Into DISTRITOS Values ('210704','Nicasio','210700') 
Insert Into DISTRITOS Values ('210705','Ocuviri','210700') 
Insert Into DISTRITOS Values ('210706','Palca','210700') 
Insert Into DISTRITOS Values ('210707','Paratia','210700') 
Insert Into DISTRITOS Values ('210708','Pucara','210700') 
Insert Into DISTRITOS Values ('210709','Santa Lucia','210700') 
Insert Into DISTRITOS Values ('210710','Vilavila','210700') 
Insert Into DISTRITOS Values ('210801','Ayaviri','210800') 
Insert Into DISTRITOS Values ('210802','Antauta','210800') 
Insert Into DISTRITOS Values ('210803','Cupi','210800') 
Insert Into DISTRITOS Values ('210804','Llalli','210800') 
Insert Into DISTRITOS Values ('210805','Macari','210800') 
Insert Into DISTRITOS Values ('210806','Nuñoa','210800') 
Insert Into DISTRITOS Values ('210807','Orurillo','210800') 
Insert Into DISTRITOS Values ('210808','Santa Rosa','210800') 
Insert Into DISTRITOS Values ('210809','Umachiri','210800') 
Insert Into DISTRITOS Values ('210901','Moho','210900') 
Insert Into DISTRITOS Values ('210902','Conima','210900') 
Insert Into DISTRITOS Values ('210903','Huayrapata','210900') 
Insert Into DISTRITOS Values ('210904','Tilali','210900') 
Insert Into DISTRITOS Values ('211001','Putina','211000') 
Insert Into DISTRITOS Values ('211002','Ananea','211000') 
Insert Into DISTRITOS Values ('211003','Pedro Vilca Apaza','211000') 
Insert Into DISTRITOS Values ('211004','Quilcapuncu','211000') 
Insert Into DISTRITOS Values ('211005','Sina','211000') 
Insert Into DISTRITOS Values ('211101','Juliaca','211100') 
Insert Into DISTRITOS Values ('211102','Cabana','211100') 
Insert Into DISTRITOS Values ('211103','Cabanillas','211100') 
Insert Into DISTRITOS Values ('211104','Caracoto','211100') 
Insert Into DISTRITOS Values ('211201','Sandia','211200') 
Insert Into DISTRITOS Values ('211202','Cuyocuyo','211200') 
Insert Into DISTRITOS Values ('211203','Limbani','211200') 
Insert Into DISTRITOS Values ('211204','Patambuco','211200') 
Insert Into DISTRITOS Values ('211205','Phara','211200') 
Insert Into DISTRITOS Values ('211206','Quiaca','211200') 
Insert Into DISTRITOS Values ('211207','San Juan Del Oro','211200') 
Insert Into DISTRITOS Values ('211208','Yanahuaya','211200') 
Insert Into DISTRITOS Values ('211209','Alto Inambari','211200') 
Insert Into DISTRITOS Values ('211301','Yunguyo','211300') 
Insert Into DISTRITOS Values ('211302','Anapia','211300') 
Insert Into DISTRITOS Values ('211303','Copani','211300') 
Insert Into DISTRITOS Values ('211304','Cuturapi','211300') 
Insert Into DISTRITOS Values ('211305','Ollaraya','211300') 
Insert Into DISTRITOS Values ('211306','Tinicachi','211300') 
Insert Into DISTRITOS Values ('211307','Unicachi','211300') 
Insert Into DISTRITOS Values ('220101','Moyobamba','220100') 
Insert Into DISTRITOS Values ('220102','Calzada','220100') 
Insert Into DISTRITOS Values ('220103','Habana','220100') 
Insert Into DISTRITOS Values ('220104','Jepelacio','220100') 
Insert Into DISTRITOS Values ('220105','Soritor','220100') 
Insert Into DISTRITOS Values ('220106','Yantalo','220100') 
Insert Into DISTRITOS Values ('220201','Bellavista2','220200') 
Insert Into DISTRITOS Values ('220202','Alto Biavo','220200') 
Insert Into DISTRITOS Values ('220203','Bajo Biavo','220200') 
Insert Into DISTRITOS Values ('220204','Huallaga','220200') 
Insert Into DISTRITOS Values ('220205','San Pablo','220200') 
Insert Into DISTRITOS Values ('220206','San Rafael','220200') 
Insert Into DISTRITOS Values ('220301','San Jose De Sisa','220300') 
Insert Into DISTRITOS Values ('220302','Agua Blanca','220300') 
Insert Into DISTRITOS Values ('220303','San Martin','220300') 
Insert Into DISTRITOS Values ('220304','Santa Rosa','220300') 
Insert Into DISTRITOS Values ('220305','Shatoja','220300') 
Insert Into DISTRITOS Values ('220401','Saposoa','220400') 
Insert Into DISTRITOS Values ('220402','Alto Saposoa','220400') 
Insert Into DISTRITOS Values ('220403','El Eslabon','220400') 
Insert Into DISTRITOS Values ('220404','Piscoyacu','220400') 
Insert Into DISTRITOS Values ('220405','Sacanche','220400') 
Insert Into DISTRITOS Values ('220406','Tingo De Saposoa','220400') 
Insert Into DISTRITOS Values ('220501','Lamas','220500') 
Insert Into DISTRITOS Values ('220502','Alonso De Alvarado','220500') 
Insert Into DISTRITOS Values ('220503','Barranquita','220500') 
Insert Into DISTRITOS Values ('220504','Caynarachi   1/','220500') 
Insert Into DISTRITOS Values ('220505','Cuñumbuqui','220500') 
Insert Into DISTRITOS Values ('220506','Pinto Recodo','220500') 
Insert Into DISTRITOS Values ('220507','Rumisapa','220500') 
Insert Into DISTRITOS Values ('220508','San Roque De Cumbaza','220500') 
Insert Into DISTRITOS Values ('220509','Shanao','220500') 
Insert Into DISTRITOS Values ('220510','Tabalosos','220500') 
Insert Into DISTRITOS Values ('220511','Zapatero','220500') 
Insert Into DISTRITOS Values ('220601','Juanjui','220600') 
Insert Into DISTRITOS Values ('220602','Campanilla','220600') 
Insert Into DISTRITOS Values ('220603','Huicungo','220600') 
Insert Into DISTRITOS Values ('220604','Pachiza','220600') 
Insert Into DISTRITOS Values ('220605','Pajarillo','220600') 
Insert Into DISTRITOS Values ('220701','Picota','220700') 
Insert Into DISTRITOS Values ('220702','Buenos Aires','220700') 
Insert Into DISTRITOS Values ('220703','Caspisapa','220700') 
Insert Into DISTRITOS Values ('220704','Pilluana','220700') 
Insert Into DISTRITOS Values ('220705','Pucacaca','220700') 
Insert Into DISTRITOS Values ('220706','San Cristobal','220700') 
Insert Into DISTRITOS Values ('220707','San Hilarion','220700') 
Insert Into DISTRITOS Values ('220708','Shamboyacu','220700') 
Insert Into DISTRITOS Values ('220709','Tingo De Ponasa','220700') 
Insert Into DISTRITOS Values ('220710','Tres Unidos','220700') 
Insert Into DISTRITOS Values ('220801','Rioja','220800') 
Insert Into DISTRITOS Values ('220802','Awajun','220800') 
Insert Into DISTRITOS Values ('220803','Elias Soplin Vargas','220800') 
Insert Into DISTRITOS Values ('220804','Nueva Cajamarca','220800') 
Insert Into DISTRITOS Values ('220805','Pardo Miguel','220800') 
Insert Into DISTRITOS Values ('220806','Posic','220800') 
Insert Into DISTRITOS Values ('220807','San Fernando','220800') 
Insert Into DISTRITOS Values ('220808','Yorongos','220800') 
Insert Into DISTRITOS Values ('220809','Yuracyacu','220800') 
Insert Into DISTRITOS Values ('220901','Tarapoto','220900') 
Insert Into DISTRITOS Values ('220902','Alberto Leveau','220900') 
Insert Into DISTRITOS Values ('220903','Cacatachi','220900') 
Insert Into DISTRITOS Values ('220904','Chazuta','220900') 
Insert Into DISTRITOS Values ('220905','Chipurana','220900') 
Insert Into DISTRITOS Values ('220906','El Porvenir','220900') 
Insert Into DISTRITOS Values ('220907','Huimbayoc','220900') 
Insert Into DISTRITOS Values ('220908','Juan Guerra','220900') 
Insert Into DISTRITOS Values ('220909','La Banda De Shilcayo','220900') 
Insert Into DISTRITOS Values ('220910','Morales','220900') 
Insert Into DISTRITOS Values ('220911','Papaplaya','220900') 
Insert Into DISTRITOS Values ('220912','San Antonio','220900') 
Insert Into DISTRITOS Values ('220913','Sauce','220900') 
Insert Into DISTRITOS Values ('220914','Shapaja','220900') 
Insert Into DISTRITOS Values ('221001','Tocache','221000') 
Insert Into DISTRITOS Values ('221002','Nuevo Progreso','221000') 
Insert Into DISTRITOS Values ('221003','Polvora','221000') 
Insert Into DISTRITOS Values ('221004','Shunte','221000') 
Insert Into DISTRITOS Values ('221005','Uchiza','221000') 
Insert Into DISTRITOS Values ('230101','Tacna','230100') 
Insert Into DISTRITOS Values ('230102','Alto De La Alianza','230100') 
Insert Into DISTRITOS Values ('230103','Calana','230100') 
Insert Into DISTRITOS Values ('230104','Ciudad Nueva','230100') 
Insert Into DISTRITOS Values ('230105','Inclan','230100') 
Insert Into DISTRITOS Values ('230106','Pachia','230100') 
Insert Into DISTRITOS Values ('230107','Palca','230100') 
Insert Into DISTRITOS Values ('230108','Pocollay','230100') 
Insert Into DISTRITOS Values ('230109','Sama','230100') 
Insert Into DISTRITOS Values ('230110','Coronel Gregorio Albarracin Lanchipa','230100') 
Insert Into DISTRITOS Values ('230201','Candarave','230200') 
Insert Into DISTRITOS Values ('230202','Cairani','230200') 
Insert Into DISTRITOS Values ('230203','Camilaca','230200') 
Insert Into DISTRITOS Values ('230204','Curibaya','230200') 
Insert Into DISTRITOS Values ('230205','Huanuara','230200') 
Insert Into DISTRITOS Values ('230206','Quilahuani','230200') 
Insert Into DISTRITOS Values ('230301','Locumba','230300') 
Insert Into DISTRITOS Values ('230302','Ilabaya','230300') 
Insert Into DISTRITOS Values ('230303','Ite','230300') 
Insert Into DISTRITOS Values ('230401','Tarata','230400') 
Insert Into DISTRITOS Values ('230402','Chucatamani','230400') 
Insert Into DISTRITOS Values ('230403','Estique','230400') 
Insert Into DISTRITOS Values ('230404','Estique-Pampa','230400') 
Insert Into DISTRITOS Values ('230405','Sitajara','230400') 
Insert Into DISTRITOS Values ('230406','Susapaya','230400') 
Insert Into DISTRITOS Values ('230407','Tarucachi','230400') 
Insert Into DISTRITOS Values ('230408','Ticaco','230400') 
Insert Into DISTRITOS Values ('240101','Tumbes','240100') 
Insert Into DISTRITOS Values ('240102','Corrales','240100') 
Insert Into DISTRITOS Values ('240103','La Cruz','240100') 
Insert Into DISTRITOS Values ('240104','Pampas De Hospital','240100') 
Insert Into DISTRITOS Values ('240105','San Jacinto','240100') 
Insert Into DISTRITOS Values ('240106','San Juan De La Virgen','240100') 
Insert Into DISTRITOS Values ('240201','Zorritos','240200') 
Insert Into DISTRITOS Values ('240202','Casitas','240200') 
Insert Into DISTRITOS Values ('240301','Zarumilla','240300') 
Insert Into DISTRITOS Values ('240302','Aguas Verdes','240300') 
Insert Into DISTRITOS Values ('240303','Matapalo','240300') 
Insert Into DISTRITOS Values ('240304','Papayal','240300') 
Insert Into DISTRITOS Values ('250101','Callaria','250100') 
Insert Into DISTRITOS Values ('250102','Campoverde','250100') 
Insert Into DISTRITOS Values ('250103','Iparia','250100') 
Insert Into DISTRITOS Values ('250104','Masisea','250100') 
Insert Into DISTRITOS Values ('250105','Yarinacocha','250100') 
Insert Into DISTRITOS Values ('250106','Nueva Requena','250100') 
Insert Into DISTRITOS Values ('250201','Raymondi','250200') 
Insert Into DISTRITOS Values ('250202','Sepahua','250200') 
Insert Into DISTRITOS Values ('250203','Tahuania','250200') 
Insert Into DISTRITOS Values ('250204','Yurua','250200') 
Insert Into DISTRITOS Values ('250301','Padre Abad','250300') 
Insert Into DISTRITOS Values ('250302','Irazola','250300') 
Insert Into DISTRITOS Values ('250303','Curimana','250300') 
Insert Into DISTRITOS Values ('250401','Purus','250400') 
GO

